event_id,titre,categorie,lieu,texte,moods,sortie,energie,exigence,format_scene,ideal_pour,notoriete
T900640,Quand on dort on n’a pas faim,theatre_danse,Théâtre Sorano,"Dans ce « conte médiéval afro queer », Anthony Martine mêle danse, chant, performance et archives personnelles pour mener une réflexion sur la construction d’un jeune adulte noir et queer ayant grandi et rêvé en blanc et hétéro. Les deux années de prépa littéraire d’Anthony Marti",poetique|cerveau|critique,interessante|evasion,2,2,seul_en_scene,solo|amis,emergent
TMP0516,HISTOIRE DU UKULÉLÉ avec Ukulelezaza,theatre_danse,Le Kiwi (ARTO),"L’origine exacte du ukulélé est connue et commence le 23 août 1879 avec l’arrivée du navire Ravenscrag dans le port d’Honolulu à Hawaï. En 1915, c’est l’exposition universelle de Californie qui rendra ce petit instrument haïtien immensément populaire aux États-Unis puis dans le reste du monde. Depuis, selon les modes et les périodes, L’ukulélé s’est décliné sous une multitude de variantes de formes, de tailles et de matériaux. À travers cette conférence musicale, Ukulelezaza retrace l’histoire du ukulélé, en présentant, contextualisant et jouant un large éventail de ukulélés vintage de sa collection (Kumalae, Martin, Gibson ou Washburn).",contemplatif|leger|cerveau,interessante|agreable,2,1,seul_en_scene|lecture,solo|amis,confirme
E9089,"Nadia Richard, Pourquoi j’attire les connards ?",theatre_danse,Théâtre Les 3 T,"Nadia Richard mêle émotion et humour avec justesse. Dans son spectacle drôle, humain, et inspirant, elle nous entraîne avec bonheur au coeur de ses aventures sentimentales, on en redemande !",rigolo|tendre|intimiste,agreable,3,1,seul_en_scene,amis|couple,confirme
TMP0332,Il y a eu un rêve,theatre_danse,Centre culturel Théâtre des Mazades,"est une création chorégraphique collective, intergénérationnelle, en dédicace aux grandes figures féminines de la danse contemporaine. Entre poésie, émotion et humour, les artistes y explorent différents styles de danse dans un moment de partage sensible. Une traversée libre où les corps dialoguent et tissent une expérience humaine vibrante.",poetique|leger|dansant,partage|agreable,3,1,troupe|sans_paroles,famille|amis,emergent
BAR0119,Présentation de Saison 2026-2027,theatre_danse,Cabaret Le Kalinka,Le Kalinka vous propose une soirée gratuite et ouverte à tous. Retrouvez sur scène un panaché de tout ce qui va se passer cette année dans le plus petit cabaret toulousain. Mise en scène : Stéphane LAFAGE. Gratuit.,festif|dansant|intimiste,agreable|partage,3,1,troupe,amis,confirme
E513,Cabaret iconiq’ de Noël,theatre_danse,Théâtre du Pavé,"Pamela Stiq’, drag gouine électriq’, Coco Damoiseau, créature poético-absurde, et Zara Bernhardt, pianiste dans le brouillard, reviennent avec leur Cabaret Iconiq’ spécial Noël. Goguettes, lip syncs et mashups : joyeux, impertinent, poétique et politique. Une invitation à se retrouver, rire et danser.",festif|poetique|critique,partage|agreable,4,2,troupe,amis,emergent
T900758,Cantade,theatre_danse,COMDT (Centre occitan des musiques et danses traditionnelles),Entrée libre - Des rencontres conviviales et participatives dédiées au chant de transmission orale et au patrimoine occitan. \n,festif|intimiste|tendre,partage,3,1,participatif|scene_ouverte,solo|amis|famille,scene_ouverte
E9062,La Moustache,theatre_danse,Théâtre Les 3 T,"Une tornade de gags, des situations hilarantes, un rythme à 100 à l'heure, préparez-vous à rire toute la soirée !",rigolo|leger|absurde,agreable,3,1,troupe,amis|famille,confirme
TMP0163,LA DOULEUR de Marguerite Duras,theatre_danse,Cave Poésie René-Gouzenne,"Pour ce premier temps Duras, on a proposé à Sylvie Maury de reprendre à la Cave Poésie le solo qu’elle a créé en 2007, à partir du récit autobiographique de Marguerite Duras, La Douleur. Elle y décrit l’attente interminable du retour de Robert L. déporté à Dachau. La Douleur est",sombre|intense|angoissant,interessante,1,2,seul_en_scene|lecture,solo|couple,confirme
T900632,La Timidité des cimes,theatre_danse,Théâtre Sorano,"La Timidité des cimes , c’est l’histoire de deux femmes qui se portent volontaires pour étudier un phénomène nouveau : la chute de certaines forêts dans différents endroits du monde. Au fil du temps, leurs expériences autour de la résilience du vivant vont amener leurs propres co",contemplatif|poetique|sombre,interessante|evasion,2,2,duo,couple|solo,confirme
TMP0074,Aimé Rauzier,theatre_danse,Théâtre Garonne,"Spectacle co-accueilli avec La Grainerie dans le cadre du Festival Marionnettissimo Marius Fouilland et Aimé Rauzier partagent l’expérience du déséquilibre permanent inscrit dans leur corps d’acrobates, lié à la perte soudaine de leur partenaire de jeu. Ensemble, ils composent une pièce, entre le cirque et la marionnette, comme un dialogue avec les disparu·es. « Que veulent les morts ? Ils veulent être souvenus. » Vinciane Despret SEUIL aborde cet espace fragile où présence et absence s’entremêlent. Les deux circassiens évoluent ensemble entre marionnettes, danse et virtuosité acrobatique et tissent un vocabulaire du lien fait de portés, de suspensions et de déséquilibres.",tendre|poetique|sombre,interessante|evasion,2,2,duo|sans_paroles,couple|solo,emergent
E160,Les Lancers de Fil : La crotte sur le coeur,theatre_danse,Théâtre le Fil à Plomb,"Miss Pick, chercheuse en phénomènes de rétention émotionnelle, propose une séance collective où le public dépose anonymement ce qu’il garde « sur le cœur ». Entre protocole scientifique décalé et rituel absurde, le spectacle explore avec humour et tendresse ce qui circule, colle ou déborde.",absurde|tendre|rigolo,interessante|agreable,3,1,participatif|troupe,amis,emergent
TMP0087,Gabriel Sparti,theatre_danse,Théâtre Garonne,"Après son premier et brillant spectacle Heimweh / Mal du pays , Gabriel Sparti revient avec sa nouvelle création. Une plongée absurde et incisive dans les mécaniques du fascisme. Quel risque peut-il y avoir à réunir une chorale amateure en préparation d’un grand concert ? À priori aucun, l’occasion est belle et joyeuse de faire revivre des chants traditionnels et d’en partager la culture… à condition que la cheffe d’orchestre ne fasse pas partie d'un projet culturel européen aux fins bien plus ambitieuses ! C’est ce glissement, infime et progressif, qui intrigue Gabriel Sparti, optant pour un théâtre musical dans la veine de Christoph Marthaler.",absurde|critique|sombre,interessante,2,3,troupe,amis|solo,confirme
BAR0123,Maudite Répétition,theatre_danse,Cabaret Le Kalinka,"MAUDITE RÉPÉTITION, c’est la pièce où rien ne se passe comme prévu. Le metteur en scène veut révolutionner le cabaret, mais entre ses lubies conceptuelles et une troupe au bord de la crise de nerfs, le chaos s’installe. Mise en scène : Stéphane LAFAGE. 25€.",rigolo|absurde|leger,agreable,4,1,troupe,amis,confirme
E9130,1 évènement 12,theatre_danse,,,contemplatif|poetique|cerveau,partage|interessante,2,1,participatif,famille|amis,emergent
TMP0084,Andrea Givanovitch,theatre_danse,Théâtre Garonne,"Spectacle co-accueilli avec La Place de la Danse dans le cadre de DANSORAMA Andrea Givanovitch développe son écriture chorégraphique autour du genre, des normes et de la sexualité. Avec Hidebound , il clôt une trilogie dans laquelle le corps cherche à se défaire de ses carcans sociaux. Réduit à une notion de fantasme ou relégué en marge de la société, le corps queer tente la plupart du temps d’échapper aux normes qui voudraient s’imposer à lui. Cette réflexion est au coeur du travail d’Andrea Givanovitch, qui envisage le cuir comme une matière textile autant que sonore. Seul dans Untitled (Somme Faggy Gestures) puis dans Leather Better , le chorégraphe-interprète s’entoure cette fois-ci de deux danseur·euses pour questionner la représentation de genre.",intense|critique|cerveau,interessante,2,3,troupe|sans_paroles,amis|solo,emergent
TMP0133,Fusées,theatre_danse,ThéâtredelaCité (CDN),"L’histoire est simple : deux hommes perdus dans le cosmos. L’un sombre dans sa mélancolie, l’autre jouit de sa puissance. Plus l’un est fort, plus l’autre est faible, c’est l’électricité, le plus et le moins, la comédie électrique. On les voit vivre, survivre dans ces contrées lo",rigolo|poetique|absurde,evasion|agreable,3,1,troupe,amis|famille,confirme
TMP0159,LES 24h DE L’ACCORDÉON 2026,theatre_danse,Cave Poésie René-Gouzenne,"Comme chaque année, on vous propose un marathon de 24h non-stop rue du Taur pour danser au gré des notes des accordéons. Cette année, l’équipe des 24 h de l’accordéon vous propose de monter au ciel avec la compagnie Les Rustines de l’ange. Collectif de théâtre de rue créé en 2005",dansant|festif|epique,partage,5,1,participatif|orchestre,amis|famille,confirme
T900661,Le Premier Sexe ou la grosse arnaque de la virilité,theatre_danse,Théâtre Sorano,"Un homme sur scène épaulé par divers membres de sa famille, ses camarades de classe, son psy, ses exs, ses futur(e)s, des collègues, des élèves, offre le fruit de sa réflexion. Le condensé d’une existence en sept tableaux et à peu près le double d’anecdotes fondatrices, convoquée",critique|rigolo|cerveau,interessante|agreable,3,2,seul_en_scene,amis,confirme
BAR0120,Maudite Répétition,theatre_danse,Cabaret Le Kalinka,"MAUDITE RÉPÉTITION, c’est la pièce où rien ne se passe comme prévu. Le metteur en scène veut révolutionner le cabaret, mais entre ses lubies conceptuelles et une troupe au bord de la crise de nerfs, le chaos s’installe. Mise en scène : Stéphane LAFAGE. 25€.",rigolo|absurde|leger,agreable,4,1,troupe,amis,confirme
BAR0121,WILLKOMMEN MES AMOURS,theatre_danse,Cabaret Le Kalinka,"Avec Willkommen, le Kalinka ouvre les portes d’un cabaret à l’ancienne, mais avec ses névroses d’aujourd’hui. Ici, on chante, on danse, on joue avec les codes. Dîner-Spectacle. Mise en scène : Stéphane LAFAGE. 25€.",festif|dansant|leger,agreable|partage,4,1,troupe,amis|couple,confirme
BAR0122,SEULE 2,theatre_danse,Cabaret Le Kalinka,"SEULE est une performance portée par Belladonna, artiste pluridisciplinaire toulousaine à la croisée de l’art contemporain et du drag. Première partie : MamzellWash. Invité du Kalinka. 20€. Possibilité de se restaurer sur place.",absurde|critique|festif,interessante|agreable,3,2,seul_en_scene,amis,emergent
TMP0341,Mes nouvelles chaussures,theatre_danse,Centre culturel Bonnefoy,"Un petit garçon enfile de nouvelles chaussures et part goûter à la rivière. En chemin, il découvre le monde qui l’entoure. Ses chaussures accumulent expériences et aventures et lui, petit à petit, grandit. Une proposition de théâtre d'objets qui parle avec simplicité et poésie du fait de grandir et des sentiments qui y sont liés. Une aventure pour les plus petit·es et un retour en enfance pour les plus grand·es.",poetique|tendre|leger,evasion|agreable,2,1,jeune_public|sans_paroles,famille,confirme
E505,Le sens de la fête,theatre_danse,Théâtre du Pavé,"Max est organisateur de mariage depuis trop longtemps. Son métier : faire croire que tout est sous contrôle, même quand absolument rien ne l’est. Le sens de la fête, c’est l’histoire d’un miracle : malgré le chaos, les engueulades et les égos, la magie opère. D’après le film de Toledano et Nakache.",rigolo|leger|absurde,agreable,3,1,troupe,amis|famille,confirme
TMP0384,Poup et Barbichette,theatre_danse,Centre culturel Espace JOB,"Il fait tout noir ici, ça fait peur. Oh et puis il y a Barbichette. Poup, elle, a peur de finir au grenier. Alors les deux jouets mènent l'enquête : pourquoi Loulou s'est-elle endormie sans sa veilleuse ? Est-ce que c'est parce qu'elle grandit ? Ou parce qu'elle n'est pas dans son lit et qu'elle est partie ? C'est vrai qu'elle en a peut-être marre que tout le monde rigole sur elle au collège. Poup, elle voit bien tout ça. Elle voit maman qui n'y comprend rien. Elle voit Loulou pleurer toute seule dans sa chambre. Et elle voit aussi que Loulou se venge sur Barbichette. Mais de toute façon c’est de sa faute, il est trop bête Barbichette.",angoissant|sombre|tendre,interessante|agreable,2,1,jeune_public|troupe,famille,emergent
TMP0697,42e Salon d’automne,theatre_danse,Le Kiwi (ARTO),"Si les Artistes Ramonvillois s’emmêlent les pinceaux toute l’année, ça n’est pas pour vous en faire voir de toutes les couleurs ! Peintures, sculptures, dessins, photos, l’art s’invite au Kiwi pour quinze jours de bonheur et d’émotions, avec en prime un thème haut en couleurs : «",contemplatif|leger|tendre,agreable|interessante,1,1,scene_ouverte,famille|amis|solo,scene_ouverte
BAR0147,WILLKOMMEN MES AMOURS,theatre_danse,Cabaret Le Kalinka,"Avec Willkommen, le Kalinka ouvre les portes d’un cabaret à l’ancienne, mais avec ses névroses d’aujourd’hui. Ici, on chante, on danse, on joue avec les codes. Dîner-Spectacle. Mise en scène : Stéphane LAFAGE. 25€.",festif|dansant|leger,agreable|partage,4,1,troupe,amis|couple,confirme
E573,ArmageTongs,theatre_danse,Centre culturel Espace JOB,"Sortie de résidence. Pièce chorégraphique et onirique mêlant danse, acrobatie, magie, clown, musique électronique et manipulation d’objets. ArmageTongs parle de construction et de déconstruction. C’est un spectacle « pâte à modeler », où il est impossible de savoir ce qui surgira du recyclage d’une ancienne sculpture. Avec Aurélien Remy, Hugo Stieglitz.",poetique|absurde|contemplatif,evasion|interessante,3,2,sans_paroles|troupe,amis|couple,emergent
TMP0076,Stéphanie Aflalo,theatre_danse,Théâtre Garonne,"Avec ce troisième volet de ses Récréations philosophiques , Stéphanie Aflalo signe un spectacle qui questionne notre rapport à la mort. Une réflexion à laquelle elle convie son père, dans un dialogue intime et teinté d’humour. Les blagues et la légèreté ont beau avoir toujours forgé leur relation père-fille, cela ne les empêche pas d’aborder des sujets existentiels. Parmi eux, la peur profonde de l’artiste de voir disparaître son père. Un thème que Stéphanie Aflalo nourrit autant de ses références philosophiques que de son propre lien au théâtre, au coeur d’un dispositif minimaliste qui joue du décalage entre la forme et le fond. Répondant, à travers un simple écran plat, aux vidéos de son père captées sur caméscope, l'artiste partage cette intimité filiale avec pudeur et dérision.",intimiste|cerveau|rigolo,interessante|agreable,2,2,seul_en_scene,solo|couple,confirme
BAR0013,Jam jazz manouche,musique,Maison Blanche,"◆ MAISON BLANCHE PRÉSENTE ◆𝗝𝗮𝘇𝘇 𝗺𝗮𝗻𝗼𝘂𝗰𝗵𝗲 (𝗦𝗰𝗲̀𝗻𝗲 𝗼𝘂𝘃𝗲𝗿𝘁𝗲)Venez nombreu.x.ses pour la scène ouverte jazz manouche avec Ludo et ses invité.e.s.Au programme des standards de jazz manouche tel que Caravan, Minor…",festif|intimiste,partage,3,2,scene_ouverte,solo|amis,scene_ouverte
E407,A6EL,musique,Le Rex,"A6el, 20 ans, rap suisse de Renens : textes introspectifs et mélancoliques sur des productions plus joyeuses. Soleil dépasse 15 millions d’écoutes. Première grande tournée d’automne, dix dates de Bruxelles à Paris (Cigale sold-out).",intimiste|sombre|poetique,evasion|interessante,3,1,groupe,amis|solo,emergent
E424,63OG,musique,Le Rex,"Rappeur d’origine camerounaise, membre de 63 Wè. Influencé par Chief Keef, Playboi Carti, Young Nudy, spécialiste du DMV flow bilingue. Sold out à la Cigale en 2025, premier Olympia le 26 octobre 2026.",festif|dansant|intense,partage|evasion,5,1,groupe,amis,confirme
E459,Pierre-Emmanuel Barré,musique,Halle aux Grains,"Pierre-Emmanuel Barré, « Come-back ». Une pièce de Pierre-Emmanuel Barré, avec des effets visuels, des sons et tout ça. 2031. Ça y est : Pierre-Emmanuel Barré est has-been. Pour revenir sur le devant de la scène, il décide de créer un nouveau spectacle. Humour, Halle aux Grains.",rigolo|critique|cerveau,agreable|interessante,3,1,seul_en_scene,amis,tete_affiche
E477,Chœur Accentus — Insula Orchestra — Laurence Equilbey,musique,Halle aux Grains,"Les cantates de Bach composent une cathédrale musicale. Le Magnificat réalise une synthèse des styles de l’époque. Accentus et Insula Orchestra, dirigés par Laurence Equilbey : cantates BWV 115 et 191, Magnificat BWV 243. Une soirée lumineuse au cœur du baroque.",contemplatif|epique|poetique,evasion,1,2,orchestre,couple|solo,tete_affiche
E412,Mispyrming & Owls Woods Graves & Profanation & Gorrch,musique,Le Rex,"Black metal expérimental italien : extrêmes dissonants et ambiances abrasives. Album Stillamentum sorti le 30 janvier. Tournée Goetia / Noiser au Rex avec Misþyrming, Owls Woods Graves et Profanation.",brutal|sombre|intense,evasion,5,3,groupe,amis|solo,emergent
BAR0018,La Roda Dominicale de La Casa De Choro,musique,L'Estanquet de l'Olivier,"La Roda Dominicale de La Casa De Choro Envie d’un dimanche matin musical, chaleureux et dépaysant ? La Casa De Choro vous donne rendez-vous chaque 3ᵉ dimanche du mois à L’Estanquet de l’Olivier, jusqu’à la fin de l’année 2026, pour sa Roda Dominicale. Le temps d’une matinée, laissez-vous porter par les sonorités du choro, une musique populaire brésilienne à la fois virtuose, vivante et profondément conviviale. Les musiciens se retrouvent en cercle pour jouer, échanger et faire vivre cette tradition dans une ambiance spontanée et chaleureuse. Ici, pas de grande scène ni de barrière entre les musiciens et le public. La musique s’installe au cœur de L’Estanquet et accompagne votre café, vos discussions et votre dimanche matin. Que vous connaissiez déjà le choro ou que vous soyez simplement cu",festif|tendre|intimiste,partage|agreable,3,1,groupe|participatif,amis|famille|solo,emergent
E408,Monolord & Dopelord,musique,Le Rex,"Doom/stoner occulte polonais depuis 2010, cinq albums, réputation live underground en Europe. Dernier album Songs for Satan (2023). Co-plateau avec Monolord.",brutal|intense|sombre,evasion,5,2,groupe,amis,confirme
PRIO0028,Goûter-concert #4,musique,Le Metronum,"Parce qu’il n’y a pas d’âge pour vibrer au rythme de la musique live, le Metronum ouvre grand ses portes aux familles et aux groupes avec des enfants pour un moment musical aussi convivial qu’inoubliable ! Sur scène ? Un vrai concert, comme les grands. La programmation n’est pas destinée uniquement aux enfants mais l’expérience est pensée pour l’être : durée adaptée, volume maîtrisé et goûter gourmand pour prolonger le plaisir et échanger sur cette expérience avec vous. Pour cette occasion, Le Metronum laisse pour la quatrième fois les manettes de la programmation aux habitants et habitantes de son quartier et de sa ville ! Ce projet inédit offre la possibilité aux familles et aux membres des associations socio-culturelles de Borderouge – Les Izards – Trois Cocus, de programmer ce concert",tendre|leger|dansant,partage|agreable,3,1,groupe|jeune_public,famille,confirme
PRIO0039,Gérald Toto + Leïla Martial & friends,musique,Le Metronum,"Are You Experienced revient cette fois-ci avec une édition spéciale dédiée aux artistes féminines, dont la singulière Leïla Martial , artiste aux multiples talents, ainsi que d’autres invitées que nous vous annoncerons bientôt. Même concept : un concert d’improvisation singulier où plusieurs artistes se retrouvent sur la scène de la Music Box pour des échanges musicaux intimistes. Les invitées apportent trois mélodies, tenues secrètes jusqu’au moment du partage. De cette rencontre naît une création unique, imaginée et orchestrée par Gérald Toto lui-même.",intimiste|poetique|contemplatif,evasion|interessante,2,3,groupe|duo,solo|couple|amis,confirme
E9094,BLACK CAT BONES,musique,Les Marins d'Eau Douce,"*Formé en 2021 à Toulouse, the Black Cat Bones est un groupe de reprises rock et blues. *Ce nom étrange est emprunté aux paroles d’une chanson de Muddy Waters, l’un des maîtres du blues américain, référence commune aux 4 membres du groupe (Pascal, Patrick, Thierry et Sébastien). *Le répertoire des Black Cat Bones est assez large, entre standards de blues (My Babe, Hoochie Coochie Man, …), classiques du rock (Smoke on the Water, Satisfaction, Highway to hell, …) et quelques incursions pop rock (Rebel Rebel, Dirty old Town, Billy Jean …). *Le style se veut résolument rock, énergique, brut de décoffrage et toujours roots. La devise des Black Cat Bones : keep on rocking ! ___________________________ Vendredi 09 octobre 2026 21H00 9€ Les Marins d’Eau Douce – Ramonville 05 61 73 16 15 Réservations fortement recommandée pour manger ( TAPAS de 18h30 à 20h45 ) ___________________________",intense|dansant|brutal,agreable|partage,4,1,groupe,amis,scene_ouverte
E9097,CARINA BANDITA,musique,Les Marins d'Eau Douce,"Carina Bandita, c’est ce genre de groupe qui semble né d’un heureux hasard, mais qui donne immédiatement l’impression d’être une évidence. Une formation rock dont les membres viennent de différentes parties du monde, chacun portant dans ses bagages un accent, une histoire, une couleur musicale. Ce qui les uni, c’est une passion commune pour la musique, une énergie brute qui dépasse les frontières et les origines. Carina Bandita mélange les influences, transforme les différences en force, et fait vibrer chaque scène avec une identité sonore qui leur appartient totalement. ___________________________ Vendredi 30 octobre 2026 21H00 5€ ( billetterie gérée par les artistes : pas de CB ) Les Marins d’Eau Douce – Ramonville 05 61 73 16 15 Réservations fortement recommandée pour avoir une table ( cuisines ouvertes de 18h30 à 20h45 ) ___________________________ Les Marins d’eau douce 6 rue Hermès (en haut de l’allée) Parc technologique du canal, 31520 Ramonville-Saint-Agne, Midi-Pyrénées Parking Salle des Fêtes Métro ligne B Terminus Ramonville Bus ligne 111 / Arrêt Joliot Curie à pieds par le canal = 15 mn du métro Proche BIKINI. Ouverture à partir de 17h30.",dansant|epique|brutal,partage|agreable,4,1,groupe,amis,emergent
E580,In Limbo,musique,Centre culturel Espace JOB,"In Limbo plonge dans l’univers tumultueux de l’adolescence à travers les yeux de Billie, chanteuse d’un groupe sur le point de sortir son premier EP. Né en milieu scolaire et inspiré par les préoccupations réelles des jeunes, ce spectacle explore avec justesse et humour les thèmes phares de cet âge : transformations corporelles, santé mentale, injonctions sociales.",intense|tendre|critique,interessante|agreable,3,1,troupe|groupe,amis|famille,emergent
E471,Concert étudiants,musique,Halle aux Grains,"Bar Avni dirige l’Orchestre national du Capitole, Bertrand Chamayou au piano. Au programme : Concerto pour la main gauche de Maurice Ravel, suite Appalachian Spring d’Aaron Copland, Boléro de Ravel. En collaboration avec les établissements d’enseignement supérieur de Toulouse.",contemplatif|epique|poetique,evasion,1,2,orchestre,couple|solo|amis,tete_affiche
E429,Rosa Crux + Malefino + Gaouta,musique,Le Rex,"« Celle qui a le dernier mot » : compositrice marocaine solo (batterie, guitare, synthés, voix). Post-punk et new wave 80s en darija. Romances toxiques, patriarcat, perte de repères : emo contestataire.",critique|intense|poetique,interessante|evasion,4,2,groupe,amis,emergent
BAR0019,La Roda Dominicale de La Casa De Choro,musique,L'Estanquet de l'Olivier,"La Roda Dominicale de La Casa De Choro Envie d’un dimanche matin musical, chaleureux et dépaysant ? La Casa De Choro vous donne rendez-vous chaque 3ᵉ dimanche du mois à L’Estanquet de l’Olivier, jusqu’à la fin de l’année 2026, pour sa Roda Dominicale. Le temps d’une matinée, laissez-vous porter par les sonorités du choro, une musique populaire brésilienne à la fois virtuose, vivante et profondément conviviale. Les musiciens se retrouvent en cercle pour jouer, échanger et faire vivre cette tradition dans une ambiance spontanée et chaleureuse. Ici, pas de grande scène ni de barrière entre les musiciens et le public. La musique s’installe au cœur de L’Estanquet et accompagne votre café, vos discussions et votre dimanche matin. Que vous connaissiez déjà le choro ou que vous soyez simplement cu",festif|tendre|intimiste,partage|agreable,3,1,groupe|participatif,amis|famille|solo,emergent
BAR0020,Lluis Coloma — Jazz Blues & Boogie-Woogie,musique,Bistrot du Grand Noble,Jazz au Bistrot au Bistrot du Grand Noble (Blagnac). Concert à 21h. Dîner dès 19h. Concert + dîner 60€ / concert + boisson 35€. Piano jazz blues boogie-woogie.,dansant|leger|epique,agreable,3,1,seul_en_scene,couple|amis,confirme
E425,Spike and the Gimme Gimmes,musique,Le Rex,"Spike and the Gimme Gimmes (ex Me First), menés par Spike Slawson avec CJ Ramone, Pinch (The Damned), John Reis (Rocket From The Crypt) et Jake Kiley (Strung Out). Covers pop, rock et R&B en punk déjanté.",rigolo|absurde|dansant,agreable|partage,5,1,groupe,amis,confirme
BAR0061,Radio fit,musique,The Place to Beer,"RadioFit est un groupe de reprises Pop - Rock post année 90, amateur, qui tourne dans la région toulousaine depuis plusieurs années.",dansant|leger|festif,agreable,4,1,groupe,amis,scene_ouverte
PRIO0036,Myrath,musique,Le Metronum,"Alors que MYRATH prépare la sortie de son nouvel album « Wildness of Mirrors », le groupe annonce la deuxième partie de son immense tournée européenne, incluant pas moins de 10 concerts en France ! Les Franco-Tunisiens sont prêts à vous embarquer dans un voyage musical intense. Le groupe propose un metal progressif puissant , parfois qualifié par le public de “Blazing Desert Metal”, en référence à l’intensité de sa musique et à certaines couleurs atmosphériques. Chaque concert est une immersion totale, où la virtuosité des musiciens rencontre la passion du public. Après avoir conquis les scènes du monde entier, MYRATH est prêt à faire vibrer à nouveau ses fans avec un show spectaculaire, riche en émotions et en surprises.",epique|intense|brutal,evasion,5,2,groupe,amis,confirme
BAR0021,Mississippi Jazz Band — Jazz New Orleans,musique,Bistrot du Grand Noble,Jazz au Bistrot au Bistrot du Grand Noble (Blagnac). Concert à 21h. Dîner dès 19h. Concert + dîner 60€ / concert + boisson 35€. Jazz New Orleans.,dansant|leger|tendre,agreable|partage,3,1,groupe,couple|amis,confirme
BAR0022,Gead Mulheran Quintet — Sinatra & les grands crooners,musique,Bistrot du Grand Noble,Jazz au Bistrot au Bistrot du Grand Noble (Blagnac). Concert à 21h. Dîner dès 19h. Concert + dîner 60€ / concert + boisson 35€. Sinatra et les grands crooners.,tendre|intimiste|leger,agreable,2,1,groupe,couple|amis,confirme
BAR0051,Astrojam,musique,Café l'Astronef,"Viens prendre ta dose d’amour avec les chouchous du groove Chaque mois, on vous propose une ouverture en trio à 20h30 avant la jam multistyle. Sur place: piano, basse, batterie, mics et sono. Ramène ton instru Toutes les esthétiques sont les bienvenues. La seule règle: love et écoute. Laisse ton ego à l’entrée. « Astrojam » mensuelle de 20h30-23h30 Café L’astronef (place des Avions, metro Saouzelong) Dm @Melissandre Masliah (FB) ou @Melmasliah (IG) pour plus d’infos",festif|dansant|intimiste,partage,4,2,scene_ouverte,solo|amis,scene_ouverte
E619,Peau de cigale,musique,Centre culturel Alban-Minville,"Peau de Cigale est un spectacle de cirque, théâtre d’objets et musique live, conçu avec les habitant(e)s et les objets « du coin ». Ancré en territoire languedocien et occitan, il en propose une lecture sensible et poétique et explore la fabrication d’un imaginaire commun. Ce petit cirque languedocien se nourrit des codes du cirque traditionnel et interroge ce qui nous relie plus que ce qui nous sépare. Il s’attache à faire émerger des représentations partagées, esquissant un univers commun, à la fois intime et collectif : un universel d’ici.",poetique|intimiste|tendre,partage|evasion,3,2,troupe|sans_paroles,famille|amis,emergent
PRIO0032,Mariam,musique,Le Metronum,"Prolongez l’expérience Rio Loco toute l’année au Metronum ! Amadou & Mariam formaient une paire de complémentaires à la ville comme sur scène, mais chacun avait développé son goût personnel pour la musique, avant même qu’ils ne scellent leur destinée… Jusqu’au printemps 2025, où Amadou Bagayoko est parti pour un grand voyage en solitaire. Quant à Mariam , elle reprend la route, toujours accompagnée de ses fidèles musiciens, portant les mélodies qui ont fait le succès du couple, « Je pense à toi », « Sabali » et « Beaux Dimanches » en tête de liste mais aussi les chansons qui composent le répertoire du nouvel album « L’Amour à la folie » , sorti le 24 octobre 2025. Un moment unique à découvrir sur la scène du Metronum, le samedi 10 octobre.",tendre|poetique|intimiste,evasion|agreable,3,1,groupe,amis|couple|famille,tete_affiche
E627,Musique sans frontrières,musique,Centre culturel Saint-Simon,"Musique Sans Frontières est un projet culturel visant à favoriser la cohésion sociale, l’inclusion et l’accès à la culture à travers les musiques du monde. Ce spectacle encourage la rencontre, l’expression et l’implication, tout en promouvant le vivre-ensemble et la lutte contre les discriminations.",tendre|poetique|leger,partage|interessante,3,1,groupe|participatif,famille|amis,emergent
E468,Alexander Soddy / Stefan Dohr,musique,Halle aux Grains,"Alexandre Soddy dirige l’Orchestre national du Capitole, Stefan Dohr au cor. Au programme : ouverture de Der Freischütz de Carl Maria von Weber, Concerto pour cor n° 2 de Richard Strauss, Symphonie n° 5 de Franz Schubert.",contemplatif|epique|tendre,evasion,1,2,orchestre,couple|solo,tete_affiche
BAR0058,Paint It Blues,musique,The Place to Beer,"Prenez un groupe de musiciens fascinés par le Blues, la Soul, le Rhythm and Blues, bref par l'incroyable aventure de la musique américaine.",dansant|tendre|festif,partage|agreable,3,1,groupe,amis|couple,emergent
BAR0059,Funk.It,musique,The Place to Beer,Groupe musicale Toulousaine de style Funk/Soul.,dansant|festif|leger,partage,4,1,groupe,amis,emergent
BAR0060,Avou Acoustic,musique,The Place to Beer,"Groupe constitué de 4 musiciens. Avec des reprises Jazz - Rock - Pop - Funck - Blues, électrique ou acoustique.",dansant|leger|festif,agreable|partage,3,1,groupe,amis|couple,emergent
BAR0124,Amazones,theatre_danse,Cabaret La Vénus,"Un grand spectacle hors du commun où la danse, des effets techniques visuels & des performances aériennes se mêlent dans une mise en scène électrisante. Sur scène, dix artistes d’exception dans un show éblouissant. Une revue avant-gardiste dans la tradition des music-hall. Déroulé officiel : portes 20h-20h30, repas 20h45, spectacle 22h30-00h30. Billet spectacle seul 45€ à 22h15.",epique|festif|intense,evasion|agreable,4,1,troupe,amis|couple|famille,confirme
