artiste_id,nom,nom_normalise,genre_principal,genres_secondaires,url_photo,notes,bio_courte,url_site,url_reseaux,scraped_at
A0001,DJ set Candie,dj-set-candie,guinguette_sorties,,,auto depuis programme (8 passages),,,,
A0002,Les faux british,les-faux-british,humour_standup,,,auto depuis programme (7 passages),,,,
A0003,Soirée Candie Pop — Arthur Barutel,soiree-candie-pop-arthur-barutel,guinguette_sorties,,,auto depuis programme (4 passages),,,,
A0004,JLN,jln,electro_techno,,,auto depuis programme (3 passages),,,,
A0005,Sphère,sphere,electro_techno,,,auto depuis programme (3 passages),,,,
A0006,Made On Block,made-on-block,electro_techno,,,auto depuis programme (3 passages),,,,
A0007,Chers parents,chers-parents,humour_standup,,,auto depuis programme (3 passages),,,,
A0008,Vacances de rêve,vacances-de-reve,humour_standup,,,auto depuis programme (3 passages),,,,
A0009,"Anne Roumanoff, L’âge libre",anne-roumanoff-l-age-libre,humour_standup,,,auto depuis programme (3 passages),,,,
A0010,Juste Shani,juste-shani,hiphop_rap,,,auto depuis programme (2 passages),,,,
A0011,SKS,sks,electro_techno,,,auto depuis programme (2 passages),,,,
A0012,Pianomuses — Récital piano romantique,pianomuses-recital-piano-romantique,classique_lyrique,,,auto depuis programme (2 passages),,,,
A0013,À vies contraires,a-vies-contraires,humour_standup,,,auto depuis programme (2 passages),,,,
A0014,Venise sous la neige,venise-sous-la-neige,humour_standup,,,auto depuis programme (2 passages),,,,
A0015,Les Clotildes : La bonne surprise !,les-clotildes-la-bonne-surprise,humour_standup,,,auto depuis programme (2 passages),,,,
A0016,"Les Femmes ont toujours raison, les hommes n’ont jamais tort",les-femmes-ont-toujours-raison-les-hommes-n-ont-jamais-tort,humour_standup,,,auto depuis programme (2 passages),,,,
A0017,"Psy, sex and fun",psy-sex-and-fun,humour_standup,,,auto depuis programme (2 passages),,,,
A0018,"Les Clotildes : Amour, ex et alibi",les-clotildes-amour-ex-et-alibi,humour_standup,,,auto depuis programme (2 passages),,,,
A0019,Une semaine pas plus !,une-semaine-pas-plus,humour_standup,,,auto depuis programme (2 passages),,,,
A0020,Les Dents du Rire,les-dents-du-rire,humour_standup,,,auto depuis programme (2 passages),,,,
A0021,Ben l'Oncle Soul,ben-l-oncle-soul,funk_soul_rnb,,,auto depuis programme (2 passages),,,,
A0022,Fabien Olicard Experimente,fabien-olicard-experimente,humour_standup,,,auto depuis programme (2 passages),,,,
A0023,Candie — DJ jeu–sam / live mercredi (récurrent),candie-dj-jeu-sam-live-mercredi-recurrent,guinguette_sorties,,,auto depuis programme (1 passages),,,,
A0024,Bakermat,bakermat,electro_techno,,,auto depuis programme (1 passages),,,,
A0025,Lost Frequencies,lost-frequencies,electro_techno,,,auto depuis programme (1 passages),,,,
A0026,Novah,novah,electro_techno,,,auto depuis programme (1 passages),,,,
A0027,JHF,jhf,musique_autre,,,auto depuis programme (1 passages),,,,
A0028,Zalbecino,zalbecino,musique_autre,,,auto depuis programme (1 passages),,,,
A0029,David (McFly),david-mcfly,hiphop_rap,,,auto depuis programme (1 passages),,,,
A0030,Sarāb (génération Spédidam),sarab-generation-spedidam,musiques_monde_trad,,,auto depuis programme (1 passages),,,,
A0031,Lujipeka,lujipeka,hiphop_rap,,,auto depuis programme (1 passages),,,,
A0032,Alma Rechtman (Festival Chorus),alma-rechtman-festival-chorus,chanson_variete,,,auto depuis programme (1 passages),,,,
A0033,La Cercleuse,la-cercleuse,musique_autre,,,auto depuis programme (1 passages),,,,
A0034,Miki,miki,musique_autre,,,auto depuis programme (1 passages),,,,
A0035,Lushe,lushe,musique_autre,,,auto depuis programme (1 passages),,,,
A0036,Ino Casablanca,ino-casablanca,musique_autre,,,auto depuis programme (1 passages),,,,
A0037,Kamilou (Festival d’été de Québec),kamilou-festival-d-ete-de-quebec,musique_autre,,,auto depuis programme (1 passages),,,,
A0038,Louise Charbonnel (Festival Beauregard),louise-charbonnel-festival-beauregard,chanson_variete,,,auto depuis programme (1 passages),,,,
A0039,Franglish,franglish,hiphop_rap,,,auto depuis programme (1 passages),,,,
A0040,Aether — Duo piano voix,aether-duo-piano-voix,classique_lyrique,,,auto depuis programme (1 passages),,,,
A0041,Naïka,naika,funk_soul_rnb,,,auto depuis programme (1 passages),,,,
A0042,Paolo.,paolo,chanson_variete,,,auto depuis programme (1 passages),,,,
A0043,Andy 4000,andy-4000,musique_autre,,,auto depuis programme (1 passages),,,,
A0044,Disiz,disiz,hiphop_rap,,,auto depuis programme (1 passages),,,,
A0045,Ultragama,ultragama,electro_techno,,,auto depuis programme (1 passages),,,,
A0046,Romsii,romsii,hiphop_rap,,,auto depuis programme (1 passages),,,,
A0047,Macklemore,macklemore,hiphop_rap,,,auto depuis programme (1 passages),,,,
A0048,Doka,doka,electro_techno,,,auto depuis programme (1 passages),,,,
A0049,Mosimann,mosimann,electro_techno,,,auto depuis programme (1 passages),,,,
A0050,Pendulum (DJ set),pendulum-dj-set,electro_techno,,,auto depuis programme (1 passages),,,,
A0051,Camo & Krooked,camo-krooked,electro_techno,,,auto depuis programme (1 passages),,,,
A0052,Eptic,eptic,electro_techno,,,auto depuis programme (1 passages),,,,
A0053,Habstrakt,habstrakt,electro_techno,,,auto depuis programme (1 passages),,,,
A0054,Murdock & MC Mota,murdock-mc-mota,electro_techno,,,auto depuis programme (1 passages),,,,
A0055,Zomboy,zomboy,electro_techno,,,auto depuis programme (1 passages),,,,
A0056,The Clamps,the-clamps,electro_techno,,,auto depuis programme (1 passages),,,,
A0057,Emberline,emberline,electro_techno,,,auto depuis programme (1 passages),,,,
A0058,Broma,broma,electro_techno,,,auto depuis programme (1 passages),,,,
A0059,Vladimir Cauchemar,vladimir-cauchemar,electro_techno,,,auto depuis programme (1 passages),,,,
A0060,William NC,william-nc,chanson_variete,,,auto depuis programme (1 passages),,,,
A0061,Kaïlen,kailen,chanson_variete,,,auto depuis programme (1 passages),,,,
A0062,Milhan (Tremplin Rose Festival),milhan-tremplin-rose-festival,musique_autre,,,auto depuis programme (1 passages),,,,
A0063,Adam El Mouna (MPourMontréal),adam-el-mouna-mpourmontreal,hiphop_rap,,,auto depuis programme (1 passages),,,,
A0064,Mel,mel,hiphop_rap,,,auto depuis programme (1 passages),,,,
A0065,R2,r2,hiphop_rap,,,auto depuis programme (1 passages),,,,
A0066,Blynk (MPourMontréal),blynk-mpourmontreal,musique_autre,,,auto depuis programme (1 passages),,,,
A0067,Big Ass Cat,big-ass-cat,hiphop_rap,,,auto depuis programme (1 passages),,,,
A0068,ElGrandeToto,elgrandetoto,hiphop_rap,,,auto depuis programme (1 passages),,,,
A0069,Marianne,marianne,chanson_variete,,,auto depuis programme (1 passages),,,,
A0070,Jetlag,jetlag,electro_techno,,,auto depuis programme (1 passages),,,,
A0071,Lisaa Camin,lisaa-camin,chanson_variete,,,auto depuis programme (1 passages),,,,
A0072,Marguerite,marguerite,chanson_variete,,,auto depuis programme (1 passages),,,,
A0073,Feel,feel,electro_techno,,,auto depuis programme (1 passages),,,,
A0074,Zingabe (Afrobeat),zingabe-afrobeat,musiques_monde_trad,,,auto depuis programme (1 passages),,,,
A0075,Bekar,bekar,hiphop_rap,,,auto depuis programme (1 passages),,,,
A0076,Lowey,lowey,hiphop_rap,,,auto depuis programme (1 passages),,,,
A0077,Myra,myra,chanson_variete,,,auto depuis programme (1 passages),,,,
A0078,Meryl,meryl,hiphop_rap,,,auto depuis programme (1 passages),,,,
A0079,Maheva,maheva,chanson_variete,,,auto depuis programme (1 passages),,,,
A0080,Ants & Madzes,ants-madzes,chanson_variete,,,auto depuis programme (1 passages),,,,
A0081,L2B,l2b,hiphop_rap,,,auto depuis programme (1 passages),,,,
A0082,Cēzange,cezange,musique_autre,,,auto depuis programme (1 passages),,,,
A0083,DJ Lucky,dj-lucky,electro_techno,,,auto depuis programme (1 passages),,,,
A0084,Aya Nakamura,aya-nakamura,funk_soul_rnb,,,auto depuis programme (1 passages),,,,
A0085,Manigance,manigance,electro_techno,,,auto depuis programme (1 passages),,,,
A0086,Kungs,kungs,electro_techno,,,auto depuis programme (1 passages),,,,
A0087,Modestep,modestep,electro_techno,,,auto depuis programme (1 passages),,,,
A0088,A5KM,a5km,electro_techno,,,auto depuis programme (1 passages),,,,
A0089,Creeds,creeds,electro_techno,,,auto depuis programme (1 passages),,,,
A0090,Evil Grimace,evil-grimace,electro_techno,,,auto depuis programme (1 passages),,,,
A0091,Neika,neika,electro_techno,,,auto depuis programme (1 passages),,,,
A0092,Persin Down,persin-down,musique_autre,,,auto depuis programme (1 passages),,,,
A0093,Deen CK,deen-ck,hiphop_rap,,,auto depuis programme (1 passages),,,,
A0094,Odeza (Tremplin Rose Festival),odeza-tremplin-rose-festival,musique_autre,,,auto depuis programme (1 passages),,,,
A0095,Kulturr,kulturr,hiphop_rap,,,auto depuis programme (1 passages),,,,
A0096,Noé Extrat (Tremplin Rose Festival),noe-extrat-tremplin-rose-festival,chanson_variete,,,auto depuis programme (1 passages),,,,
A0097,Timar,timar,chanson_variete,,,auto depuis programme (1 passages),,,,
A0098,Etane (Tremplin Rose Festival),etane-tremplin-rose-festival,musique_autre,,,auto depuis programme (1 passages),,,,
A0099,Juliane Piermay,juliane-piermay,chanson_variete,,,auto depuis programme (1 passages),,,,
A0100,Iliona,iliona,chanson_variete,,,auto depuis programme (1 passages),,,,
A0101,Lauréat Tremplin V and B Fest’ 2026,laureat-tremplin-v-and-b-fest-2026,musique_autre,,,auto depuis programme (1 passages),,,,
A0102,Béeseau,beeseau,chanson_variete,,,auto depuis programme (1 passages),,,,
A0103,Médine,medine,hiphop_rap,,,auto depuis programme (1 passages),,,,
A0104,Noée,noee,chanson_variete,,,auto depuis programme (1 passages),,,,
A0105,Eva,eva,chanson_variete,,,auto depuis programme (1 passages),,,,
A0106,Karpouzi Mon Amour (Bulgarock),karpouzi-mon-amour-bulgarock,rock_metal_punk,,,auto depuis programme (1 passages),,,,
A0107,Maïa,maia,chanson_variete,,,auto depuis programme (1 passages),,,,
A0108,Triangle des Bermudes,triangle-des-bermudes,electro_techno,,,auto depuis programme (1 passages),,,,
A0109,Ajar,ajar,chanson_variete,,,auto depuis programme (1 passages),,,,
A0110,Jethro Nine (génération Spédidam),jethro-nine-generation-spedidam,rock_metal_punk,,,auto depuis programme (1 passages),,,,
A0111,Danyl,danyl,hiphop_rap,,,auto depuis programme (1 passages),,,,
A0112,2L,2l,hiphop_rap,,,auto depuis programme (1 passages),,,,
A0113,Zaho,zaho,funk_soul_rnb,,,auto depuis programme (1 passages),,,,
A0114,Yiadé,yiade,hiphop_rap,,,auto depuis programme (1 passages),,,,
A0115,St Graal,st-graal,rock_metal_punk,,,auto depuis programme (1 passages),,,,
A0116,Josman,josman,hiphop_rap,,,auto depuis programme (1 passages),,,,
A0117,Sunsept France,sunsept-france,electro_techno,,,auto depuis programme (1 passages),,,,
A0118,DJ Snake,dj-snake,electro_techno,,,auto depuis programme (1 passages),,,,
A0119,Juliette Magnevasoa,juliette-magnevasoa,chanson_variete,,,auto depuis programme (1 passages),,,,
A0120,LE TAQUIN FETE SES 10 ANS #1,le-taquin-fete-ses-10-ans-1,funk_soul_rnb,,,auto depuis programme (1 passages),,,,
A0121,Unfaced,unfaced,electro_techno,,,auto depuis programme (1 passages),,,,
A0122,PLEIN PHARE,plein-phare,electro_techno,,,auto depuis programme (1 passages),,,,
A0123,LE TAQUIN FETE SES 10 ANS #2,le-taquin-fete-ses-10-ans-2,funk_soul_rnb,,,auto depuis programme (1 passages),,,,
A0124,Un putain de conte de fée,un-putain-de-conte-de-fee,humour_standup,,,auto depuis programme (1 passages),,,,
A0125,REX TECHNO OPENING,rex-techno-opening,electro_techno,,,auto depuis programme (1 passages),,,,
A0126,Javier Perianes,javier-perianes,classique_lyrique,,,auto depuis programme (1 passages),,,,
A0127,Magdalene Ho,magdalene-ho,classique_lyrique,,,auto depuis programme (1 passages),,,,
A0128,Ilyun Bürkev,ilyun-burkev,classique_lyrique,,,auto depuis programme (1 passages),,,,
A0129,datziraGrain présente ECHO JAZZ,datziragrain-presente-echo-jazz,jazz_blues,,,auto depuis programme (1 passages),,,,
A0130,Vadym Kholodenko,vadym-kholodenko,classique_lyrique,,,auto depuis programme (1 passages),,,,
A0131,Amareia en concert,amareia-en-concert,chanson_variete,,,auto depuis programme (1 passages),,,,
A0132,CHELABÔM,chelabom,funk_soul_rnb,,,auto depuis programme (1 passages),,,,
A0133,Hortense de Beauharnais,hortense-de-beauharnais,electro_techno,,,auto depuis programme (1 passages),,,,
A0134,Jodylin Gallavardin,jodylin-gallavardin,classique_lyrique,,,auto depuis programme (1 passages),,,,
A0135,Le Rex fête ses 10 ans,le-rex-fete-ses-10-ans,electro_techno,,,auto depuis programme (1 passages),,,,
A0136,DELI ZIRZOP,deli-zirzop,musiques_monde_trad,,,auto depuis programme (1 passages),,,,
A0137,En toutes amitiés,en-toutes-amities,humour_standup,,,auto depuis programme (1 passages),,,,
A0138,On est tous portés sur la question,on-est-tous-portes-sur-la-question,humour_standup,,,auto depuis programme (1 passages),,,,
A0139,Paul Lay (carte blanche jazz),paul-lay-carte-blanche-jazz,jazz_blues,,,auto depuis programme (1 passages),,,,
A0140,Pierre-Laurent Aimard,pierre-laurent-aimard,classique_lyrique,,,auto depuis programme (1 passages),,,,
A0141,TABANAR,tabanar,rock_metal_punk,,,auto depuis programme (1 passages),,,,
A0142,Anna Petrova-Forster,anna-petrova-forster,classique_lyrique,,,auto depuis programme (1 passages),,,,
A0143,FEELING THE SPIRIT OF GRANT GREEN,feeling-the-spirit-of-grant-green,jazz_blues,,,auto depuis programme (1 passages),,,,
A0144,Urge,urge,rock_metal_punk,,,auto depuis programme (1 passages),,,,
A0145,The Young Gods,the-young-gods,rock_metal_punk,,,auto depuis programme (1 passages),,,,
A0146,Mourir,mourir,rock_metal_punk,,,auto depuis programme (1 passages),,,,
A0147,Elisabeth Pion,elisabeth-pion,classique_lyrique,,,auto depuis programme (1 passages),,,,
A0148,"Kody, Évolué",kody-evolue,humour_standup,,,auto depuis programme (1 passages),,,,
A0149,La Mòssa + Sollùna - FESTIVAL OCCITANIA,la-mossa-solluna-festival-occitania,musiques_monde_trad,,,auto depuis programme (1 passages),,,,
A0150,Divagueries sentimentales,divagueries-sentimentales,humour_standup,,,auto depuis programme (1 passages),,,,
A0151,Le meilleur de l’homme c’est sa femme,le-meilleur-de-l-homme-c-est-sa-femme,humour_standup,,,auto depuis programme (1 passages),,,,
A0152,Einar Solberg,einar-solberg,rock_metal_punk,,,auto depuis programme (1 passages),,,,
A0153,Les Clefs de Saint-Pierre — Cuivres martelés,les-clefs-de-saint-pierre-cuivres-marteles,classique_lyrique,,,auto depuis programme (1 passages),,,,
A0154,"Pianip–Pianop (Pierre Rigal, Constant Despres, Brice Mvie)",pianip-pianop-pierre-rigal-constant-despres-brice-mvie,danse,,,auto depuis programme (1 passages),,,,
A0155,Aéro malgré lui !,aero-malgre-lui,humour_standup,,,auto depuis programme (1 passages),,,,
A0156,Valentin POMMERAY TRIO,valentin-pommeray-trio,jazz_blues,,,auto depuis programme (1 passages),,,,
A0157,Labess,labess,musique_autre,,,auto depuis programme (1 passages),,,,
A0158,Tiwiza,tiwiza,musique_autre,,,auto depuis programme (1 passages),,,,
A0159,Le Grand Hôtel,le-grand-hotel,humour_standup,,,auto depuis programme (1 passages),,,,
A0160,Bernard Sellam And The Boyz From The Hood,bernard-sellam-and-the-boyz-from-the-hood,funk_soul_rnb,,,auto depuis programme (1 passages),,,,
A0161,Potochkine,potochkine,electro_techno,,,auto depuis programme (1 passages),,,,
A0162,Zinée,zinee,hiphop_rap,,,auto depuis programme (1 passages),,,,
A0163,Etane,etane,hiphop_rap,,,auto depuis programme (1 passages),,,,
A0164,Light Asylum,light-asylum,electro_techno,,,auto depuis programme (1 passages),,,,
A0165,"Gabrielle Giraud, Au naturel",gabrielle-giraud-au-naturel,humour_standup,,,auto depuis programme (1 passages),,,,
A0166,"Lisa Perrio, C'est compliqué je t'expliquerai",lisa-perrio-c-est-complique-je-t-expliquerai,humour_standup,,,auto depuis programme (1 passages),,,,
A0167,Jérémy Rollando,jeremy-rollando,jazz_blues,,,auto depuis programme (1 passages),,,,
A0168,Gabriel Delmas invite Jakob Manz + JAM,gabriel-delmas-invite-jakob-manz-jam,jazz_blues,,,auto depuis programme (1 passages),,,,
A0169,Paloma Colombe,paloma-colombe,electro_techno,,,auto depuis programme (1 passages),,,,
A0170,La Louuve,la-louuve,electro_techno,,,auto depuis programme (1 passages),,,,
A0171,Shahzen,shahzen,electro_techno,,,auto depuis programme (1 passages),,,,
A0172,Les Monologues du Vagin,les-monologues-du-vagin,humour_standup,,,auto depuis programme (1 passages),,,,
A0173,MOWGLI + NAAMLOZE,mowgli-naamloze,rock_metal_punk,,,auto depuis programme (1 passages),,,,
A0174,Le Prénom,le-prenom,humour_standup,,,auto depuis programme (1 passages),,,,
A0175,Trop Parfaite !,trop-parfaite,humour_standup,,,auto depuis programme (1 passages),,,,
A0176,LEE BURRIDGE,lee-burridge,electro_techno,,,auto depuis programme (1 passages),,,,
A0177,Forever Nu,forever-nu,rock_metal_punk,,,auto depuis programme (1 passages),,,,
A0178,Seven Spires,seven-spires,rock_metal_punk,,,auto depuis programme (1 passages),,,,
A0179,Tulip,tulip,rock_metal_punk,,,auto depuis programme (1 passages),,,,
A0180,Xandria,xandria,rock_metal_punk,,,auto depuis programme (1 passages),,,,
A0181,FAT FREDDY'S DROP,fat-freddy-s-drop,musique_autre,,,auto depuis programme (1 passages),,,,
A0182,Kevin Levy : Cocu,kevin-levy-cocu,humour_standup,,,auto depuis programme (1 passages),,,,
A0183,LOUIS CATTELAT,louis-cattelat,musique_autre,,,auto depuis programme (1 passages),,,,
A0184,Toc Toc,toc-toc,humour_standup,,,auto depuis programme (1 passages),,,,
A0185,"Schooet, des goguettes",schooet-des-goguettes,chanson_variete,,,auto depuis programme (1 passages),,,,
A0186,FIBR 4TET,fibr-4tet,jazz_blues,,,auto depuis programme (1 passages),,,,
A0187,DJ Pone,dj-pone,hiphop_rap,,,auto depuis programme (1 passages),,,,
A0188,Talisco,talisco,chanson_variete,,,auto depuis programme (1 passages),,,,
A0189,Primal Fear,primal-fear,rock_metal_punk,,,auto depuis programme (1 passages),,,,
A0190,HIPPOTRAKTOR,hippotraktor,rock_metal_punk,,,auto depuis programme (1 passages),,,,
A0191,HYPNO5E,hypno5e,rock_metal_punk,,,auto depuis programme (1 passages),,,,
A0192,A6EL,a6el,hiphop_rap,,,auto depuis programme (1 passages),,,,
A0193,Dopelord,dopelord,rock_metal_punk,,,auto depuis programme (1 passages),,,,
A0194,Monolord,monolord,rock_metal_punk,,,auto depuis programme (1 passages),,,,
A0195,Earth Tongue,earth-tongue,rock_metal_punk,,,auto depuis programme (1 passages),,,,
A0196,Hällas,hallas,rock_metal_punk,,,auto depuis programme (1 passages),,,,
A0197,READY FOR PROG FESTIVAL,ready-for-prog-festival,rock_metal_punk,,,auto depuis programme (1 passages),,,,
A0198,Neon Paradise,neon-paradise,electro_techno,,,auto depuis programme (1 passages),,,,
A0199,Neon Kult,neon-kult,electro_techno,,,auto depuis programme (1 passages),,,,
A0200,Vector Seven,vector-seven,electro_techno,,,auto depuis programme (1 passages),,,,
A0201,Owls Woods Graves,owls-woods-graves,rock_metal_punk,,,auto depuis programme (1 passages),,,,
A0202,Profanation,profanation,rock_metal_punk,,,auto depuis programme (1 passages),,,,
A0203,Gorrch,gorrch,rock_metal_punk,,,auto depuis programme (1 passages),,,,
A0204,Mispyrming,mispyrming,rock_metal_punk,,,auto depuis programme (1 passages),,,,
A0205,Boris,boris,rock_metal_punk,,,auto depuis programme (1 passages),,,,
A0206,Imparfait,imparfait,rock_metal_punk,,,auto depuis programme (1 passages),,,,
A0207,Calva Louise,calva-louise,rock_metal_punk,,,auto depuis programme (1 passages),,,,
A0208,Two Lanes,two-lanes,electro_techno,,,auto depuis programme (1 passages),,,,
A0209,Spider Zed,spider-zed,hiphop_rap,,,auto depuis programme (1 passages),,,,
A0210,Mammal Hands,mammal-hands,jazz_blues,,,auto depuis programme (1 passages),,,,
A0211,7WEEKS,7weeks,rock_metal_punk,,,auto depuis programme (1 passages),,,,
A0212,Within Destruction,within-destruction,rock_metal_punk,,,auto depuis programme (1 passages),,,,
A0213,Abbie Falls,abbie-falls,rock_metal_punk,,,auto depuis programme (1 passages),,,,
A0214,The Browning,the-browning,rock_metal_punk,,,auto depuis programme (1 passages),,,,
A0215,Storm Orchestra,storm-orchestra,rock_metal_punk,,,auto depuis programme (1 passages),,,,
A0216,Fulci,fulci,rock_metal_punk,,,auto depuis programme (1 passages),,,,
A0217,Arottenbit,arottenbit,rock_metal_punk,,,auto depuis programme (1 passages),,,,
A0218,Master Boot Record,master-boot-record,rock_metal_punk,,,auto depuis programme (1 passages),,,,
A0219,The Vintage Caravan,the-vintage-caravan,rock_metal_punk,,,auto depuis programme (1 passages),,,,
A0220,Magyd Cherfi,magyd-cherfi,chanson_variete,,,auto depuis programme (1 passages),,,,
A0221,Stanislas,stanislas,chanson_variete,,,auto depuis programme (1 passages),,,,
A0222,Jupiter & Okwess,jupiter-okwess,musiques_monde_trad,,,auto depuis programme (1 passages),,,,
A0223,ROADRUNNERS,roadrunners,rock_metal_punk,,,auto depuis programme (1 passages),,,,
A0224,63OG,63og,hiphop_rap,,,auto depuis programme (1 passages),,,,
A0225,Spike and the Gimme Gimmes,spike-and-the-gimme-gimmes,rock_metal_punk,,,auto depuis programme (1 passages),,,,
A0226,Colours in the Street,colours-in-the-street,chanson_variete,,,auto depuis programme (1 passages),,,,
A0227,Florent Marchet,florent-marchet,chanson_variete,,,auto depuis programme (1 passages),,,,
A0228,Knoll,knoll,rock_metal_punk,,,auto depuis programme (1 passages),,,,
A0229,Imperial Triumphant,imperial-triumphant,rock_metal_punk,,,auto depuis programme (1 passages),,,,
A0230,DINAA,dinaa,electro_techno,,,auto depuis programme (1 passages),,,,
A0231,Malefino,malefino,electro_techno,,,auto depuis programme (1 passages),,,,
A0232,Gaouta,gaouta,electro_techno,,,auto depuis programme (1 passages),,,,
A0233,Rosa Crux,rosa-crux,electro_techno,,,auto depuis programme (1 passages),,,,
A0234,Tribulation,tribulation,rock_metal_punk,,,auto depuis programme (1 passages),,,,
A0235,Soen,soen,rock_metal_punk,,,auto depuis programme (1 passages),,,,
A0236,JWLES,jwles,hiphop_rap,,,auto depuis programme (1 passages),,,,
A0237,Changeline,changeline,rock_metal_punk,,,auto depuis programme (1 passages),,,,
A0238,Solventis,solventis,rock_metal_punk,,,auto depuis programme (1 passages),,,,
A0239,Esthesis,esthesis,rock_metal_punk,,,auto depuis programme (1 passages),,,,
A0240,The Sexy Music Live Band,the-sexy-music-live-band,funk_soul_rnb,,,auto depuis programme (1 passages),,,,
A0241,Theo Juice,theo-juice,funk_soul_rnb,,,auto depuis programme (1 passages),,,,
A0242,Seth Gueko,seth-gueko,hiphop_rap,,,auto depuis programme (1 passages),,,,
A0243,Tonique & Man,tonique-man,funk_soul_rnb,,,auto depuis programme (1 passages),,,,
A0244,The Black Dahlia Murder,the-black-dahlia-murder,rock_metal_punk,,,auto depuis programme (1 passages),,,,
A0245,Pestilence,pestilence,rock_metal_punk,,,auto depuis programme (1 passages),,,,
A0246,Cryptic Shift,cryptic-shift,rock_metal_punk,,,auto depuis programme (1 passages),,,,
A0247,Thus,thus,rock_metal_punk,,,auto depuis programme (1 passages),,,,
A0248,DVRK,dvrk,rock_metal_punk,,,auto depuis programme (1 passages),,,,
A0249,Obscura,obscura,rock_metal_punk,,,auto depuis programme (1 passages),,,,
A0250,Revnoir,revnoir,rock_metal_punk,,,auto depuis programme (1 passages),,,,
A0251,Eloiz,eloiz,chanson_variete,,,auto depuis programme (1 passages),,,,
A0252,Les Bonobos,les-bonobos,humour_standup,,,auto depuis programme (1 passages),,,,
A0253,Les Clotildes : Vive la mariée !,les-clotildes-vive-la-mariee,humour_standup,,,auto depuis programme (1 passages),,,,
