film_id,titre,nb_seances
F0012,Justin le Juste,226
F0016,Les Ensorceleuses 2,201
F0021,Toy Story 5,153
F0026,"Vaiana, la légende du bout du monde",129
F0034,La Frappe,96
F0041,Billie Melody,58
F0052,Jim Queen,33
F0054,Marius et le Royaume des mers,33
F0055,Primetime,33
F0059,Paradise,28
F0062,Adieu monde cruel,25
F0066,Verity,24
F0067,Digger,23
F0074,Détective Conan : L'Ange déchu de l'asphalte,19
F0077,Chicas tristes,16
F0078,Entre ciel et terre,16
F0080,Sham,16
F0081,Chien bleu et autres belles histoires de l'école des loisirs,15
F0082,Les Roches Rouges,15
F0089,Les Éléphants dans la brume,13
F0093,Dune : Troisième partie,12
F0095,L’Abandon,12
F0103,La Maison de nos rêves,9
F0104,Sur la route d'Omaha,9
F0106,Un amour d’épouvantail,9
F0109,La Ligne bleue,8
F0113,Maspalomas,8
F0117,L'île des souvenirs,7
F0118,Lawrence d'Arabie,7
F0128,Hunger Games - La Révolte : Partie 2,6
F0130,La Nuit de la Glisse 2026 – The Call,6
F0132,Les Misérables,6
F0140,"Haute solitude, Jean Zay prisonnier politique",5
F0141,La Fille dans les nuages,5
F0143,L’Être Aimé,5
F0144,Mylène Farmer – Égrégore – L’avant-première,5
F0154,Così fan tutte (Metropolitan Opera),4
F0158,La reconquista,4
F0164,Sorda,4
F0166,"Venise, la lune et toi",4
F0177,La Baleine et l'escargote,3
F0180,Le Château dans le ciel (Tenkû no shiro Rapyuta),3
F0181,Le Cygne et l'enfant,3
F0184,Les Saisons,3
F0186,Les Vacances de Monsieur Hulot,3
F0189,Memory Of Princess Mumbi,3
F0190,Mochy,3
F0191,Moulin,3
F0206,Always Lalisa,2
F0208,Arrebato – Leo es pardo,2
F0210,Autofiction,2
F0212,BTS World Tour 'ARIRANG' In Buenos Aires : Live viewing,2
F0213,BTS World Tour 'ARIRANG' In São Paulo : Live viewing,2
F0214,Barcelona sur,2
F0220,Cervantes avant Don Quichotte,2
F0224,Coco,2
F0231,Coup de coeur surprise 2 AFCAE Octobre 2026,2
F0232,Coup de coeur surprise 2 AFCAE Septembre 2026,2
F0233,Coup de coeur surprise 3 AFCAE Octobre 2026,2
F0236,Dans les ténèbres (Entre tinieblas),2
F0240,El puente,2
F0241,El sacerdote,2
F0243,Exorcismo,2
F0262,Le Bossu de Notre-Dame,2
F0271,Le Sud,2
F0273,Le Testament du docteur Mabuse (Das Testament des Dr. Mabuse),2
F0275,Le lac des cygnes (Opéra de Paris),2
F0276,Les Braves (Coward),2
F0277,Les Contes de Terremer,2
F0278,Les Contes de Terremer (Gedo senki),2
F0279,Les Dimanches,2
F0283,Les bourreaux meurent aussi (Hangmen Also Die!),2
F0287,Los Golfos,2
F0295,Mes voisins les Yamada,2
F0296,Mes voisins les Yamada (Hôhokekyo tonari no Yamada-kun),2
F0299,Mon voisin Totoro,2
F0301,Morlaix,2
F0302,Mémoire de fille,2
F0305,On Falling,2
F0310,Poppers,2
F0315,Roméo et Juliette (Opéra de Paris),2
F0316,Ruy Blas (Comédie-Française),2
F0319,Samson et Dalila (Metropolitan Opera),2
F0320,Shaun le Mouton : La Bêêête d'Halloween,2
F0323,Street Fighter,2
F0325,Suzume (Suzume no tojimari),2
F0328,Tigres de papel,2
F0330,Tokyo Godfathers (Tokyo Goddofazazu),2
F0335,Venez voir,2
F0337,¿Qué hace una chica como tú en un sitio como este?,2
F0338,15/18,1
F0344,Africlap 2026,1
F0345,"Agapito Marazuela, la statue br...",1
F0354,"Carmen, l’oiseau rebelle",1
F0363,Ciné Club Capitole : The Lighthouse,1
F0365,Coraline 15ème Anniversaire,1
F0366,Coutures,1
F0369,Crimson Peak,1
F0370,Debout les femmes !,1
F0380,Drive,1
F0382,Délivre-nous du Mal,1
F0388,Ex Machina,1
F0402,Festival Cinespaña 2026,1
F0403,Festival FReDD 2026,1
F0432,Jonás Trueba,1
F0434,Jules au pays d'Asha,1
F0440,Kubo et l'armure magique,1
F0442,L'Ame : l'Au-delà et l'Invisible,1
F0446,L'Ourse et l'oiseau,1
F0448,LEURS CHAMPS DU CŒUR,1
F0451,La Boîte à malice,1
F0460,"La Légende de Baahubali, l'épopée - version Director's Cut",1
F0467,La Transition démocratique espagnole vue par la télévision française – Médiathèque José-Cabanis,1
F0481,Le Petit monde de Leo: 5 contes de Lionni,1
F0485,Le Sel de la terre,1
F0486,Le Sommet des Dieux,1
F0488,Les Autres,1
F0489,Les Diables,1
F0490,Les Extraordinaires aventures de Morph,1
F0491,Les Fraises,1
F0494,Les Vignes du seigneur,1
F0505,Malfaisante,1
F0509,Marche avec les loups,1
F0510,Mariage au goût d'orange,1
F0522,Peking Opera Blues,1
F0524,Petits contes sous l’océan,1
F0532,Rencontre avec Alberto Sedano,1
F0534,Rencontre avec Claire Vanhamme-Cuevas et Eve Viguier,1
F0535,Rencontre avec Edyta Janczak-Hiriart,1
F0536,Rencontre avec Garance Schlemmer,1
F0537,Rencontre avec Isabelle Labrouillère et Emmanuel Cano,1
F0538,Rencontre avec Jean-Michel Geneste,1
F0539,Rencontre avec Jonas Trueba,1
F0542,Rencontre avec Sylvie Ballyot,1
F0543,Rencontre avec avec l'équipe d'Africlap,1
F0544,Rencontre avec les étudiants,1
F0545,Rencontre avec l’équipe de Ciné-Palestine,1
F0552,Ruido,1
F0553,Rusalka,1
F0558,"Sleepy Hollow, la légende du cavalier sans tête",1
F0561,Soirées des cinémas européens 2026,1
F0565,Sueurs froides,1
F0566,Sully,1
F0574,The Rocky Horror Picture Show,1
F0579,Une année italienne,1
F0588,À jamais les premières,1
F0589,Élise sous emprise,1
