target_type	target_id	image_url	alt	credit	licence	source_tsv
event	ETMP_L126_labatailledegaullej_0828	https://fr.web.img5.acsta.net/img/fe/af/feaf214ef84e96e437f8c65e7c540e86.jpg	La bataille de Gaulle – J’écris ton nom — affiche officielle	AlloCiné (allocine.fr) / Pathé Films	Droits réservés — usage éditorial affiche officielle	ae_films_fill_empty.tsv
event	ETMP_L126_labatailledegaullej_0830	https://fr.web.img5.acsta.net/img/fe/af/feaf214ef84e96e437f8c65e7c540e86.jpg	La bataille de Gaulle – J’écris ton nom — affiche officielle	AlloCiné (allocine.fr) / Pathé Films	Droits réservés — usage éditorial affiche officielle	ae_films_fill_empty.tsv
event	ETMP_L126_labatailledegaullej_0831	https://fr.web.img5.acsta.net/img/fe/af/feaf214ef84e96e437f8c65e7c540e86.jpg	La bataille de Gaulle – J’écris ton nom — affiche officielle	AlloCiné (allocine.fr) / Pathé Films	Droits réservés — usage éditorial affiche officielle	ae_films_fill_empty.tsv
event	ETMP_L126_labatailledegaullej_0901	https://fr.web.img5.acsta.net/img/fe/af/feaf214ef84e96e437f8c65e7c540e86.jpg	La bataille de Gaulle – J’écris ton nom — affiche officielle	AlloCiné (allocine.fr) / Pathé Films	Droits réservés — usage éditorial affiche officielle	ae_films_fill_empty.tsv
event	ETMP_L126_labatailledegaullej_0908	https://fr.web.img5.acsta.net/img/fe/af/feaf214ef84e96e437f8c65e7c540e86.jpg	La bataille de Gaulle – J’écris ton nom — affiche officielle	AlloCiné (allocine.fr) / Pathé Films	Droits réservés — usage éditorial affiche officielle	ae_films_fill_empty.tsv
event	ETMP_L126_labatailledegaullej_0913	https://fr.web.img5.acsta.net/img/fe/af/feaf214ef84e96e437f8c65e7c540e86.jpg	La bataille de Gaulle – J’écris ton nom — affiche officielle	AlloCiné (allocine.fr) / Pathé Films	Droits réservés — usage éditorial affiche officielle	ae_films_fill_empty.tsv
event	ETMP_L126_labatailledegaullej_0920	https://fr.web.img5.acsta.net/img/fe/af/feaf214ef84e96e437f8c65e7c540e86.jpg	La bataille de Gaulle – J’écris ton nom — affiche officielle	AlloCiné (allocine.fr) / Pathé Films	Droits réservés — usage éditorial affiche officielle	ae_films_fill_empty.tsv
event	ETMP_L126_labatailledegaullel_0830	https://fr.web.img6.acsta.net/img/61/de/61dec3511b1ef0a65757a438ca898bbb.jpg	La bataille de Gaulle – L’âge de fer — affiche officielle	AlloCiné (allocine.fr) / Pathé Films	Droits réservés — usage éditorial affiche officielle	ae_films_fill_empty.tsv
event	ETMP_L126_labatailledegaullel_0831	https://fr.web.img6.acsta.net/img/61/de/61dec3511b1ef0a65757a438ca898bbb.jpg	La bataille de Gaulle – L’âge de fer — affiche officielle	AlloCiné (allocine.fr) / Pathé Films	Droits réservés — usage éditorial affiche officielle	ae_films_fill_empty.tsv
event	ETMP_L126_labatailledegaullel_0901	https://fr.web.img6.acsta.net/img/61/de/61dec3511b1ef0a65757a438ca898bbb.jpg	La bataille de Gaulle – L’âge de fer — affiche officielle	AlloCiné (allocine.fr) / Pathé Films	Droits réservés — usage éditorial affiche officielle	ae_films_fill_empty.tsv
event	ETMP_L126_labatailledegaullel_0908	https://fr.web.img6.acsta.net/img/61/de/61dec3511b1ef0a65757a438ca898bbb.jpg	La bataille de Gaulle – L’âge de fer — affiche officielle	AlloCiné (allocine.fr) / Pathé Films	Droits réservés — usage éditorial affiche officielle	ae_films_fill_empty.tsv
event	ETMP_L126_labatailledegaullel_0913	https://fr.web.img6.acsta.net/img/61/de/61dec3511b1ef0a65757a438ca898bbb.jpg	La bataille de Gaulle – L’âge de fer — affiche officielle	AlloCiné (allocine.fr) / Pathé Films	Droits réservés — usage éditorial affiche officielle	ae_films_fill_empty.tsv
event	ETMP_L126_labatailledegaullel_0922	https://fr.web.img6.acsta.net/img/61/de/61dec3511b1ef0a65757a438ca898bbb.jpg	La bataille de Gaulle – L’âge de fer — affiche officielle	AlloCiné (allocine.fr) / Pathé Films	Droits réservés — usage éditorial affiche officielle	ae_films_fill_empty.tsv
programme	PTMP_L125_389_09241450	https://films.cinemas-utopia.org/wp-content/uploads/2026/07/Fini-de-rire-AFF.jpg	Fini de rire ! L’humour politique au garde-à-vous ? — affiche officielle	Cinémas Utopia (films.cinemas-utopia.org)	Droits réservés — usage éditorial affiche salle	ae_films_fill_empty.tsv
programme	P9322	https://films.cinemas-utopia.org/wp-content/uploads/2026/07/Fini-de-rire-AFF.jpg	Fini de rire ! L’humour politique au garde-à-vous ? — affiche officielle	Cinémas Utopia (films.cinemas-utopia.org)	Droits réservés — usage éditorial affiche salle	ae_films_fill_empty.tsv
programme	PTMP_L125_412_09252100	https://films.cinemas-utopia.org/wp-content/uploads/2026/07/Fini-de-rire-AFF.jpg	Fini de rire ! L’humour politique au garde-à-vous ? — affiche officielle	Cinémas Utopia (films.cinemas-utopia.org)	Droits réservés — usage éditorial affiche salle	ae_films_fill_empty.tsv
event	ETMP_L142_marathonharrypotter2_0829	https://fr.web.img4.acsta.net/img/e7/3e/e73e85182622161d9546ca494a4db564.jpg	Marathon Harry Potter — 25 ans de magie — affiche officielle — UGC Montaudran	AlloCiné (allocine.fr) / Warner Bros.	Droits réservés — usage éditorial affiche officielle	ae_films_fill_empty.tsv
event	ETMP_L142_marathonharrypotter2_0830	https://fr.web.img4.acsta.net/img/e7/3e/e73e85182622161d9546ca494a4db564.jpg	Marathon Harry Potter — 25 ans de magie — affiche officielle — UGC Montaudran	AlloCiné (allocine.fr) / Warner Bros.	Droits réservés — usage éditorial affiche officielle	ae_films_fill_empty.tsv
programme	PTMP_L142_51_08291100	https://fr.web.img4.acsta.net/img/e7/3e/e73e85182622161d9546ca494a4db564.jpg	Marathon Harry Potter — 25 ans de magie — affiche officielle	AlloCiné (allocine.fr) / Warner Bros.	Droits réservés — usage éditorial affiche officielle	ae_films_fill_empty.tsv
programme	PTMP_L142_52_08291430	https://fr.web.img4.acsta.net/img/e7/3e/e73e85182622161d9546ca494a4db564.jpg	Marathon Harry Potter — 25 ans de magie — affiche officielle	AlloCiné (allocine.fr) / Warner Bros.	Droits réservés — usage éditorial affiche officielle	ae_films_fill_empty.tsv
programme	PTMP_L142_53_08291800	https://fr.web.img4.acsta.net/img/e7/3e/e73e85182622161d9546ca494a4db564.jpg	Marathon Harry Potter — 25 ans de magie — affiche officielle	AlloCiné (allocine.fr) / Warner Bros.	Droits réservés — usage éditorial affiche officielle	ae_films_fill_empty.tsv
programme	PTMP_L142_54_08292100	https://fr.web.img4.acsta.net/img/e7/3e/e73e85182622161d9546ca494a4db564.jpg	Marathon Harry Potter — 25 ans de magie — affiche officielle	AlloCiné (allocine.fr) / Warner Bros.	Droits réservés — usage éditorial affiche officielle	ae_films_fill_empty.tsv
programme	PTMP_L142_82_08301100	https://fr.web.img4.acsta.net/img/e7/3e/e73e85182622161d9546ca494a4db564.jpg	Marathon Harry Potter — 25 ans de magie — affiche officielle	AlloCiné (allocine.fr) / Warner Bros.	Droits réservés — usage éditorial affiche officielle	ae_films_fill_empty.tsv
programme	PTMP_L142_83_08301400	https://fr.web.img4.acsta.net/img/e7/3e/e73e85182622161d9546ca494a4db564.jpg	Marathon Harry Potter — 25 ans de magie — affiche officielle	AlloCiné (allocine.fr) / Warner Bros.	Droits réservés — usage éditorial affiche officielle	ae_films_fill_empty.tsv
programme	PTMP_L142_84_08301730	https://fr.web.img4.acsta.net/img/e7/3e/e73e85182622161d9546ca494a4db564.jpg	Marathon Harry Potter — 25 ans de magie — affiche officielle	AlloCiné (allocine.fr) / Warner Bros.	Droits réservés — usage éditorial affiche officielle	ae_films_fill_empty.tsv
programme	PTMP_L142_85_08302100	https://fr.web.img4.acsta.net/img/e7/3e/e73e85182622161d9546ca494a4db564.jpg	Marathon Harry Potter — 25 ans de magie — affiche officielle	AlloCiné (allocine.fr) / Warner Bros.	Droits réservés — usage éditorial affiche officielle	ae_films_fill_empty.tsv
event	ETMP_L141_chicastristes_0827	https://fr.web.img4.acsta.net/img/57/32/5732fc7877b55cb456ac1a47200b74fc.jpg	Chicas tristes — affiche officielle — American Cosmograph	AlloCiné (allocine.fr)	Droits réservés — usage éditorial affiche officielle	ae_films_fill_empty.tsv
event	ETMP_L141_chicastristes_0828	https://fr.web.img4.acsta.net/img/57/32/5732fc7877b55cb456ac1a47200b74fc.jpg	Chicas tristes — affiche officielle — American Cosmograph	AlloCiné (allocine.fr)	Droits réservés — usage éditorial affiche officielle	ae_films_fill_empty.tsv
event	ETMP_L141_chicastristes_0830	https://fr.web.img4.acsta.net/img/57/32/5732fc7877b55cb456ac1a47200b74fc.jpg	Chicas tristes — affiche officielle — American Cosmograph	AlloCiné (allocine.fr)	Droits réservés — usage éditorial affiche officielle	ae_films_fill_empty.tsv
event	ETMP_L141_chicastristes_0831	https://fr.web.img4.acsta.net/img/57/32/5732fc7877b55cb456ac1a47200b74fc.jpg	Chicas tristes — affiche officielle — American Cosmograph	AlloCiné (allocine.fr)	Droits réservés — usage éditorial affiche officielle	ae_films_fill_empty.tsv
programme	PTMP_L141_4_08271915	https://fr.web.img4.acsta.net/img/57/32/5732fc7877b55cb456ac1a47200b74fc.jpg	Chicas tristes — affiche officielle	AlloCiné (allocine.fr)	Droits réservés — usage éditorial affiche officielle	ae_films_fill_empty.tsv
programme	PTMP_L141_13_08281710	https://fr.web.img4.acsta.net/img/57/32/5732fc7877b55cb456ac1a47200b74fc.jpg	Chicas tristes — affiche officielle	AlloCiné (allocine.fr)	Droits réservés — usage éditorial affiche officielle	ae_films_fill_empty.tsv
programme	PTMP_L141_34_08301710	https://fr.web.img4.acsta.net/img/57/32/5732fc7877b55cb456ac1a47200b74fc.jpg	Chicas tristes — affiche officielle	AlloCiné (allocine.fr)	Droits réservés — usage éditorial affiche officielle	ae_films_fill_empty.tsv
programme	PTMP_L141_42_08311550	https://fr.web.img4.acsta.net/img/57/32/5732fc7877b55cb456ac1a47200b74fc.jpg	Chicas tristes — affiche officielle	AlloCiné (allocine.fr)	Droits réservés — usage éditorial affiche officielle	ae_films_fill_empty.tsv
event	ETMP_L141_robocop_0828	https://fr.web.img2.acsta.net/pictures/24/03/19/09/30/3388638.jpg	RoboCop — affiche officielle — American Cosmograph	AlloCiné (allocine.fr) / Orion — reprise 1987	Droits réservés — usage éditorial affiche officielle	ae_films_fill_empty.tsv
programme	PTMP_L141_18_08282040	https://fr.web.img2.acsta.net/pictures/24/03/19/09/30/3388638.jpg	RoboCop — affiche officielle	AlloCiné (allocine.fr) / Orion — reprise 1987	Droits réservés — usage éditorial affiche officielle	ae_films_fill_empty.tsv
event	BAR0054	https://ugc.zenchef.com/uploaded-files/370268/events/creating/DFO6GJs9fK4gGuPOPANekPoh276lLTgqXisHv5Yf.png	The bricks — The Place to Beer	The Place to Beer (theplace2beer.com / Zenchef)	all-rights-reserved	bar_l189_l190_fill.tsv
event	BAR0055	https://ugc.zenchef.com/uploaded-files/370268/events/creating/xaySb6zVVETpikevN983wKNhAyUKA6OXxxQCk6ab.jpg	Bounce Back — The Place to Beer	The Place to Beer (theplace2beer.com / Zenchef)	all-rights-reserved	bar_l189_l190_fill.tsv
event	BAR0056	https://ugc.zenchef.com/uploaded-files/370268/events/creating/Y9Osg38CBL3eOAXgiE1QtccqtmKyXoAPo2jq36B2.jpg	Ad Lib — The Place to Beer	The Place to Beer (theplace2beer.com / Zenchef)	all-rights-reserved	bar_l189_l190_fill.tsv
event	BAR0057	https://ugc.zenchef.com/uploaded-files/370268/events/creating/Wbl5PQxR82lQsygy37IYoGa60DVFb350V0KWWAM0.jpg	Khero — The Place to Beer	The Place to Beer (theplace2beer.com / Zenchef)	all-rights-reserved	bar_l189_l190_fill.tsv
event	BAR0058	https://ugc.zenchef.com/uploaded-files/370268/events/creating/4YwNSEGh48d8fStVkoOIZFc1Jt0pKWMoAqziTIVr.jpg	Paint It Blues — The Place to Beer	The Place to Beer (theplace2beer.com / Zenchef)	all-rights-reserved	bar_l189_l190_fill.tsv
event	BAR0067	https://botapub.fr/wp-content/uploads/2026/08/logo-6ans-pdf.jpg	LES 6 ANS DU BOTA PUB — JOUR 3 : soirée années 2000-2010 avec DJ Set — Bota Pub	Bota Pub (botapub.fr)	all-rights-reserved	bar_l189_l190_fill.tsv
event	BAR0059	https://ugc.zenchef.com/uploaded-files/370268/events/creating/7YoZKRQnoY3zyAETUX6Q3eHHfbfSpuDiIB6XOYsn.jpg	Funk.It — The Place to Beer	The Place to Beer (theplace2beer.com / Zenchef)	all-rights-reserved	bar_l189_l190_fill.tsv
event	BAR0060	https://ugc.zenchef.com/uploaded-files/370268/events/creating/kUc3l1YEFMH4ukI3HOjB67gKeJqr2TC4Yq15qQvM.jpg	Avou Acoustic — The Place to Beer	The Place to Beer (theplace2beer.com / Zenchef)	all-rights-reserved	bar_l189_l190_fill.tsv
event	BAR0061	https://ugc.zenchef.com/uploaded-files/370268/events/creating/pfj6h1p0bruLlbIbjmtF9JeKDsgYvPJiY6lIonmS.png	Radio fit — The Place to Beer	The Place to Beer (theplace2beer.com / Zenchef)	all-rights-reserved	bar_l189_l190_fill.tsv
event	BAR0062	https://ugc.zenchef.com/uploaded-files/370268/events/creating/81Nlu2gtkRuOanDNvPcmeJkU1luDTEK3sJ3D3s96.jpg	Move Over — The Place to Beer	The Place to Beer (theplace2beer.com / Zenchef)	all-rights-reserved	bar_l189_l190_fill.tsv
event	BAR0063	https://ugc.zenchef.com/uploaded-files/370268/events/creating/MxClDekjuGYOzF3Z49P23PVZbOY3gFcumHNA6a88.png	Ashes — The Place to Beer	The Place to Beer (theplace2beer.com / Zenchef)	all-rights-reserved	bar_l189_l190_fill.tsv
event	BAR0064	https://ugc.zenchef.com/uploaded-files/370268/events/creating/m98vf4Qo3Bl2hHCHYbmSxJHSTi9gCGUNaxwIynQM.png	Soltice Jazz — The Place to Beer	The Place to Beer (theplace2beer.com / Zenchef)	all-rights-reserved	bar_l189_l190_fill.tsv
event	BAR0065	https://ugc.zenchef.com/uploaded-files/370268/events/creating/38oCenoFNgHo4s6B25mGd81YonhgGfLgIS982anv.png	Véro 2.0 — The Place to Beer	The Place to Beer (theplace2beer.com / Zenchef)	all-rights-reserved	bar_l189_l190_fill.tsv
event	BAR0066	https://ugc.zenchef.com/uploaded-files/370268/events/creating/J1K673HFADGgH8kbkBNAuaHzxzQe7mRO2ATrfLlf.webp	Groovin Soul — The Place to Beer	The Place to Beer (theplace2beer.com / Zenchef)	all-rights-reserved	bar_l189_l190_fill.tsv
event	BAR0068	https://legrenier.cafe/wp-content/uploads/2024/01/web_prog_jamjazz0224.jpg	Jam Jazz — Le Grenier	Le Grenier (legrenier.cafe)	Droits réservés — usage éditorial source lieu	bar_l211_grenier_fill.tsv
programme	BARP0068	https://legrenier.cafe/wp-content/uploads/2024/01/web_prog_jamjazz0224.jpg	Jam Jazz — Le Grenier	Le Grenier (legrenier.cafe)	Droits réservés — usage éditorial source lieu	bar_l211_grenier_fill.tsv
event	BAR0069	https://legrenier.cafe/wp-content/uploads/2026/07/karoke_infolettre.jpg	Karaoké, Plage ! — Le Grenier	Le Grenier (legrenier.cafe)	Droits réservés — usage éditorial source lieu	bar_l211_grenier_fill.tsv
programme	BARP0069	https://legrenier.cafe/wp-content/uploads/2026/07/karoke_infolettre.jpg	Karaoké, Plage ! — Le Grenier	Le Grenier (legrenier.cafe)	Droits réservés — usage éditorial source lieu	bar_l211_grenier_fill.tsv
event	E9102	https://legrenier.cafe/wp-content/uploads/2026/03/jam-irland.jpg	Jam Irlande — Le Grenier	Le Grenier (legrenier.cafe)	Droits réservés — usage éditorial source lieu	bar_l211_grenier_fill.tsv
programme	P9334	https://legrenier.cafe/wp-content/uploads/2026/03/jam-irland.jpg	Jam Irlande — Le Grenier	Le Grenier (legrenier.cafe)	Droits réservés — usage éditorial source lieu	bar_l211_grenier_fill.tsv
event	BAR0008	https://cafe-maison-blanche.com/wp-content/uploads/2026/08/publication_instagram_1080x1350.jpg	Ron Maloya / Jam sega — Café Maison Blanche	Café Maison Blanche (cafe-maison-blanche.com)	Droits réservés — usage éditorial source lieu	bar_venues_fill.tsv
programme	BARP0008	https://cafe-maison-blanche.com/wp-content/uploads/2026/08/publication_instagram_1080x1350.jpg	Ron Maloya / Jam sega — Café Maison Blanche	Café Maison Blanche (cafe-maison-blanche.com)	Droits réservés — usage éditorial source lieu	bar_venues_fill.tsv
event	E002	https://metropole.toulouse.fr/sites/toulouse-fr/files/2025-05/772x460-ebdl-actu.jpg	Un été au bord du lac Reynerie	Toulouse Métropole (metropole.toulouse.fr)	Droits réservés — usage éditorial source lieu	batch1_images.tsv
event	E004b	https://www.halledelamachine.fr/wp-content/uploads/2026/06/image-paysage-affiche-hdl-2026-scaled.jpeg	Halle Day Long / Aéroflorale II — Halle de la Machine	Halle de la Machine (halledelamachine.fr)	Droits réservés — usage éditorial source lieu	batch1_images.tsv
event	E325	https://www.grand-rond.org/userfiles/bandeau-site-26-278.jpg	Réouverture billetterie — Théâtre du Grand Rond	Théâtre du Grand Rond (grand-rond.org)	Droits réservés — usage éditorial source lieu	batch2_images.tsv
event	E350	https://www.theatredelaviolette.com/visuels/225-aff-%C3%A0%20l27%C3%A9cole_zo%C3%A9_page-0001.jpg	À l’école Zoé ! — Théâtre de la Violette	Théâtre de la Violette (theatredelaviolette.com)	Droits réservés — usage éditorial source lieu	batch3_images.tsv
event	E013	https://www.lesabattoirs.org/wp-content/uploads/2021/08/activites-jp-1000x0-c-default.jpeg	Stage enfants vacances d’été — Les Abattoirs	Les Abattoirs (lesabattoirs.org)	Droits réservés — usage éditorial source lieu	batch3_images.tsv
event	E390	https://www.cave-poesie.com/wp-content/uploads/2026/06/site-web-6.jpg	EN BAL ET VOUS ! — Astor et la Patronne — Cave Poésie René-Gouzenne	Cave Poésie René-Gouzenne (cave-poesie.com)	Droits réservés — usage éditorial source lieu	batch4_images.tsv
event	E494	https://www.lephemereguinguette.com/wp-content/uploads/2026/05/36A90C14-38C7-491E-A04E-04A4FED2D61B_4_5005_c.jpeg	Tu Luz Habana — musique cubaine / salsa — L’Éphémère (Lacroix-Falgarde)	L'Éphémère Guinguette (lephemereguinguette.com)	Droits réservés — usage éditorial source lieu	batch5_images.tsv
programme	P1894	https://racines-guinguette.fr/wp-content/uploads/2026/05/soleil_racines_food.png	Racines — saison Port Viguerie	Racines Guinguette (racines-guinguette.fr)	Droits réservés — usage éditorial source lieu	lundi_fill_reuse.tsv
programme	P1895	https://images.squarespace-cdn.com/content/v1/68120ea55a49f0360b3721e3/1b0478fe-9944-41d2-93c6-75937dcfc11b/DSC00042.jpg?format=1500w	La Centrale — saison Île du Ramier	La Centrale (lacentralerestaurant.fr / Squarespace CDN)	Droits réservés — usage éditorial source lieu	lundi_fill_reuse.tsv
programme	P1896	https://lesjardinsdecandie.com/wp-content/uploads/2024/05/Groupe-93-1.png	Les Jardins de Candie — saison guinguette	Les Jardins de Candie (lesjardinsdecandie.com)	Droits réservés — usage éditorial source lieu	lundi_fill_reuse.tsv
programme	P1897	https://iris-guinguette.vercel.app/images/TABLE3.webp	Iris Guinguette — Jardin Michelet	Iris Guinguette (iris-guinguette.vercel.app)	Droits réservés — usage éditorial source lieu	lundi_fill_reuse.tsv
programme	P1898	https://turbine-bazacle.fr/wp-content/uploads/2022/05/turbine-bazacle.jpg	Turbine Bazacle — saison terrasse	Turbine Bazacle (turbine-bazacle.fr)	Droits réservés — usage éditorial source lieu	lundi_fill_reuse.tsv
programme	P1891	https://lescanotiers.fr/wp-content/uploads/2025/07/35c80dc8-9c4e-4d73-b48d-e10326da64ac.jpg	Les Canotiers — saison Quai de Tounis (terrasse et Pont Neuf)	Les Canotiers (lescanotiers.fr)	Droits réservés — usage éditorial source lieu	lundi_fill_reuse.tsv
programme	P1892	https://www.museaumusette.fr/i/museau-musette/3/5/8/1/5/2/1/5/3/2/4/7/4/1727351699_395/7729ebc4d961d1446e6276c00551fc95.small_original.jpg	Museau Musette — Canal du Midi	Museau Musette (museaumusette.fr / Zenchef)	Droits réservés — usage éditorial source lieu	lundi_fill_reuse.tsv
programme	P1893	https://chezmollycoteguinguette.fr/wp-content/uploads/Repas-de-groupe-Chez-Molly-Guinguette-Toulouse-Montaudran-scaled-e1719496384374.jpg	Chez Molly Côté Guinguette — Montaudran	Chez Molly Côté Guinguette (chezmollycoteguinguette.fr)	Droits réservés — usage éditorial source lieu	lundi_fill_reuse.tsv
programme	P1899	https://lepetitlu-guinguette.fr/wp-content/uploads/2026/05/P1788526_14_11zon-scaled-1.webp	Le Petit L’U — saison guinguette L’Union	Le Petit L’U (lepetitlu-guinguette.fr)	Droits réservés — usage éditorial source lieu	lundi_fill_reuse.tsv
programme	P1918	https://static.wixstatic.com/media/fe15f3_c0101df92e4a4b39890c6119e8c919ae~mv2.jpg	Guinguette de Tournefeuille	Guinguette de Tournefeuille (guinguettetournefeuille.fr / Wix)	Droits réservés — usage éditorial source lieu	lundi_fill_reuse.tsv
programme	P1900	https://www.brasseur-toulousain.fr/wp-content/uploads/2024/03/PHOTO_GUINGUETTE_2-1024x941.jpeg	Guinguette du BBT — Cornebarrieu	Brasseur Toulousain (brasseur-toulousain.fr)	Droits réservés — usage éditorial source lieu	lundi_fill_reuse.tsv
programme	P1901	https://lesjardinsdecandie.com/wp-content/uploads/2024/05/Groupe-93-1.png	Les Jardins de Candie — saison guinguette	Les Jardins de Candie (lesjardinsdecandie.com)	Droits réservés — usage éditorial source lieu	lundi_fill_reuse.tsv
programme	P0185	https://monuments.toulouse.fr/wp-content/uploads/sites/14/2026/06/image00001-1-scaled.jpeg	Saison musicale Chapelle des Carmélites	Monuments de Toulouse (monuments.toulouse.fr)	Droits réservés — usage éditorial source lieu	lundi_fill_reuse.tsv
programme	P1902	https://lesjardinsdecandie.com/wp-content/uploads/2024/05/Groupe-93-1.png	Les Jardins de Candie — saison guinguette	Les Jardins de Candie (lesjardinsdecandie.com)	Droits réservés — usage éditorial source lieu	lundi_fill_reuse.tsv
programme	P0186	https://monuments.toulouse.fr/wp-content/uploads/sites/14/2026/06/image00001-1-scaled.jpeg	Saison musicale Chapelle des Carmélites	Monuments de Toulouse (monuments.toulouse.fr)	Droits réservés — usage éditorial source lieu	lundi_fill_reuse.tsv
programme	P1903	https://lesjardinsdecandie.com/wp-content/uploads/2024/05/Groupe-93-1.png	Les Jardins de Candie — saison guinguette	Les Jardins de Candie (lesjardinsdecandie.com)	Droits réservés — usage éditorial source lieu	lundi_fill_reuse.tsv
programme	P0187	https://monuments.toulouse.fr/wp-content/uploads/sites/14/2026/06/image00001-1-scaled.jpeg	Saison musicale Chapelle des Carmélites	Monuments de Toulouse (monuments.toulouse.fr)	Droits réservés — usage éditorial source lieu	lundi_fill_reuse.tsv
programme	P1904	https://lesjardinsdecandie.com/wp-content/uploads/2024/05/Groupe-93-1.png	Les Jardins de Candie — saison guinguette	Les Jardins de Candie (lesjardinsdecandie.com)	Droits réservés — usage éditorial source lieu	lundi_fill_reuse.tsv
programme	P1427	https://www.theatredelaviolette.com/visuels/441-aff-LA%20bulle%20new%20logo.jpg	La Bulle — Théâtre de la Violette	Théâtre de la Violette (theatredelaviolette.com)	Droits réservés — usage éditorial source lieu	lundi_fill_reuse.tsv
programme	P1428	https://www.theatredelaviolette.com/visuels/441-aff-LA%20bulle%20new%20logo.jpg	La Bulle — Théâtre de la Violette	Théâtre de la Violette (theatredelaviolette.com)	Droits réservés — usage éditorial source lieu	lundi_fill_reuse.tsv
programme	P1429	https://www.theatredelaviolette.com/visuels/441-aff-LA%20bulle%20new%20logo.jpg	La Bulle — Théâtre de la Violette	Théâtre de la Violette (theatredelaviolette.com)	Droits réservés — usage éditorial source lieu	lundi_fill_reuse.tsv
programme	P1430	https://www.theatredelaviolette.com/visuels/441-aff-LA%20bulle%20new%20logo.jpg	La Bulle — Théâtre de la Violette	Théâtre de la Violette (theatredelaviolette.com)	Droits réservés — usage éditorial source lieu	lundi_fill_reuse.tsv
programme	P1431	https://www.theatredelaviolette.com/visuels/441-aff-LA%20bulle%20new%20logo.jpg	La Bulle — Théâtre de la Violette	Théâtre de la Violette (theatredelaviolette.com)	Droits réservés — usage éditorial source lieu	lundi_fill_reuse.tsv
programme	P1432	https://www.theatredelaviolette.com/visuels/441-aff-LA%20bulle%20new%20logo.jpg	La Bulle — Théâtre de la Violette	Théâtre de la Violette (theatredelaviolette.com)	Droits réservés — usage éditorial source lieu	lundi_fill_reuse.tsv
programme	P1433	https://www.theatredelaviolette.com/visuels/441-aff-LA%20bulle%20new%20logo.jpg	La Bulle — Théâtre de la Violette	Théâtre de la Violette (theatredelaviolette.com)	Droits réservés — usage éditorial source lieu	lundi_fill_reuse.tsv
programme	P1434	https://www.theatredelaviolette.com/visuels/441-aff-LA%20bulle%20new%20logo.jpg	La Bulle — Théâtre de la Violette	Théâtre de la Violette (theatredelaviolette.com)	Droits réservés — usage éditorial source lieu	lundi_fill_reuse.tsv
programme	P1435	https://www.theatredelaviolette.com/visuels/441-aff-LA%20bulle%20new%20logo.jpg	La Bulle — Théâtre de la Violette	Théâtre de la Violette (theatredelaviolette.com)	Droits réservés — usage éditorial source lieu	lundi_fill_reuse.tsv
programme	P1905	https://lesjardinsdecandie.com/wp-content/uploads/2024/05/Groupe-93-1.png	Les Jardins de Candie — saison guinguette	Les Jardins de Candie (lesjardinsdecandie.com)	Droits réservés — usage éditorial source lieu	lundi_fill_reuse.tsv
programme	P1436	https://www.theatredelaviolette.com/visuels/441-aff-LA%20bulle%20new%20logo.jpg	La Bulle — Théâtre de la Violette	Théâtre de la Violette (theatredelaviolette.com)	Droits réservés — usage éditorial source lieu	lundi_fill_reuse.tsv
programme	P1437	https://www.theatredelaviolette.com/visuels/441-aff-LA%20bulle%20new%20logo.jpg	La Bulle — Théâtre de la Violette	Théâtre de la Violette (theatredelaviolette.com)	Droits réservés — usage éditorial source lieu	lundi_fill_reuse.tsv
programme	P1438	https://www.theatredelaviolette.com/visuels/441-aff-LA%20bulle%20new%20logo.jpg	La Bulle — Théâtre de la Violette	Théâtre de la Violette (theatredelaviolette.com)	Droits réservés — usage éditorial source lieu	lundi_fill_reuse.tsv
programme	P1906	https://lesjardinsdecandie.com/wp-content/uploads/2024/05/Groupe-93-1.png	Les Jardins de Candie — saison guinguette	Les Jardins de Candie (lesjardinsdecandie.com)	Droits réservés — usage éditorial source lieu	lundi_fill_reuse.tsv
programme	P1439	https://www.theatredelaviolette.com/visuels/441-aff-LA%20bulle%20new%20logo.jpg	La Bulle — Théâtre de la Violette	Théâtre de la Violette (theatredelaviolette.com)	Droits réservés — usage éditorial source lieu	lundi_fill_reuse.tsv
programme	P1440	https://www.theatredelaviolette.com/visuels/441-aff-LA%20bulle%20new%20logo.jpg	La Bulle — Théâtre de la Violette	Théâtre de la Violette (theatredelaviolette.com)	Droits réservés — usage éditorial source lieu	lundi_fill_reuse.tsv
programme	P1441	https://www.theatredelaviolette.com/visuels/441-aff-LA%20bulle%20new%20logo.jpg	La Bulle — Théâtre de la Violette	Théâtre de la Violette (theatredelaviolette.com)	Droits réservés — usage éditorial source lieu	lundi_fill_reuse.tsv
programme	P0260	https://www.le-taquin.fr/site/wp-content/uploads/2026/07/04-09-2026_SITE_VISUEL-Arthur-Guyard.png	LE TAQUIN FETE SES 10 ANS #1 — Le Taquin	Le Taquin (le-taquin.fr)	Droits réservés — usage éditorial source lieu	lundi_fill_reuse.tsv
programme	P0230	https://lemetronum.fr/wp-content/uploads/2026/07/DSC01423_FINAL-1-scaled.jpg	Juliette Magnevasoa — Concert sortie de résidence WMA — Le Metronum	Le Metronum (lemetronum.fr)	Droits réservés — usage éditorial source lieu	lundi_fill_reuse.tsv
programme	TMPP0992	https://cdn.sanity.io/images/rf3cqo3h/production/60e646de8ed3ebb53f2291317d23a990e67900d9-1320x900.png	Unfaced : JACIDOREX + PART TIME KILLER + DJ CRINGEY + DANKE AL — Le Bikini	Le Bikini (lebikini.com / Sanity CDN)	Droits réservés — usage éditorial source lieu	lundi_fill_reuse.tsv
programme	P0258	https://cdn.sanity.io/images/rf3cqo3h/production/60e646de8ed3ebb53f2291317d23a990e67900d9-1320x900.png	Unfaced : JACIDOREX + PART TIME KILLER + DJ CRINGEY + DANKE AL — Le Bikini	Le Bikini (lebikini.com / Sanity CDN)	Droits réservés — usage éditorial source lieu	lundi_fill_reuse.tsv
programme	P1907	https://lesjardinsdecandie.com/wp-content/uploads/2024/05/Groupe-93-1.png	Les Jardins de Candie — saison guinguette	Les Jardins de Candie (lesjardinsdecandie.com)	Droits réservés — usage éditorial source lieu	lundi_fill_reuse.tsv
programme	P1442	https://www.theatredelaviolette.com/visuels/442-aff-affiche.PNG	Rita déménage — Théâtre de la Violette	Théâtre de la Violette (theatredelaviolette.com)	Droits réservés — usage éditorial source lieu	lundi_fill_reuse.tsv
programme	P1443	https://www.theatredelaviolette.com/visuels/442-aff-affiche.PNG	Rita déménage — Théâtre de la Violette	Théâtre de la Violette (theatredelaviolette.com)	Droits réservés — usage éditorial source lieu	lundi_fill_reuse.tsv
programme	P0261	https://www.le-taquin.fr/site/wp-content/uploads/2026/07/05-09-2026_Taquin_site_2048x1365_3.jpg	LE TAQUIN FETE SES 10 ANS #2 — Le Taquin	Le Taquin (le-taquin.fr)	Droits réservés — usage éditorial source lieu	lundi_fill_reuse.tsv
programme	P1536	https://www.lerextoulouse.com/media/data/spectacles/images/slider-1544.jpg	REX TECHNO OPENING x PLEIN PHARE — Le Rex	Le Rex Toulouse (lerextoulouse.com)	Droits réservés — usage éditorial source lieu	lundi_fill_reuse.tsv
programme	P1535	https://www.lerextoulouse.com/media/data/spectacles/images/slider-1544.jpg	REX TECHNO OPENING x PLEIN PHARE — Le Rex	Le Rex Toulouse (lerextoulouse.com)	Droits réservés — usage éditorial source lieu	lundi_fill_reuse.tsv
programme	P1908	https://lesjardinsdecandie.com/wp-content/uploads/2024/05/Groupe-93-1.png	Les Jardins de Candie — saison guinguette	Les Jardins de Candie (lesjardinsdecandie.com)	Droits réservés — usage éditorial source lieu	lundi_fill_reuse.tsv
programme	P1681	https://lepetitlu-guinguette.fr/wp-content/uploads/2026/05/P1788255_4_11zon-scaled-1.webp	Closing — Le Petit L’U (concert / saison L’Union)	Le Petit L’U (lepetitlu-guinguette.fr)	Droits réservés — usage éditorial source lieu	lundi_fill_reuse.tsv
programme	P1444	https://www.theatredelaviolette.com/visuels/442-aff-affiche.PNG	Rita déménage — Théâtre de la Violette	Théâtre de la Violette (theatredelaviolette.com)	Droits réservés — usage éditorial source lieu	lundi_fill_reuse.tsv
programme	P1445	https://www.theatredelaviolette.com/visuels/442-aff-affiche.PNG	Rita déménage — Théâtre de la Violette	Théâtre de la Violette (theatredelaviolette.com)	Droits réservés — usage éditorial source lieu	lundi_fill_reuse.tsv
programme	P0188	https://monuments.toulouse.fr/wp-content/uploads/sites/14/2026/06/image00001-1-scaled.jpeg	Saison musicale Chapelle des Carmélites	Monuments de Toulouse (monuments.toulouse.fr)	Droits réservés — usage éditorial source lieu	lundi_fill_reuse.tsv
programme	P0193	https://pianojacobins.com/wp-content/uploads/2026/04/affiche-festival-piano-jacobins-2026-3.jpg	Festival Piano aux Jacobins 2026 — Cloître des Jacobins	Piano aux Jacobins (pianojacobins.com)	Droits réservés — usage éditorial source lieu	lundi_fill_reuse.tsv
programme	P1815	https://s3.eu-west-3.amazonaws.com/content-tmcsi-prod-secutix-jfrr5x67/images/catalog/product/large/2a60f6a6-cf16-40a0-b4cd-ae0add1379e3.png	Moutons — Centre culturel Renan	Centres culturels Toulouse / Secutix (centresculturels.toulouse.fr)	Droits réservés — usage éditorial source lieu	lundi_fill_reuse.tsv
programme	P1834	https://theatredepochetoulouse.fr/wp-content/uploads/2026/08/affiche-theatre-de-poche-2026.jpg	Et pendant ce temps, Simone veille — Théâtre de Poche	Théâtre de Poche (theatredepochetoulouse.fr)	Droits réservés — usage éditorial source lieu	lundi_fill_reuse.tsv
programme	P1446	https://www.theatredelaviolette.com/visuels/443-aff-Affiche%20MMT%20Jeune%20public.png	Les murmures de la Terre — Théâtre de la Violette	Théâtre de la Violette (theatredelaviolette.com)	Droits réservés — usage éditorial source lieu	lundi_fill_reuse.tsv
programme	P1447	https://www.theatredelaviolette.com/visuels/443-aff-Affiche%20MMT%20Jeune%20public.png	Les murmures de la Terre — Théâtre de la Violette	Théâtre de la Violette (theatredelaviolette.com)	Droits réservés — usage éditorial source lieu	lundi_fill_reuse.tsv
programme	P1656	https://www.greniertheatre.org/wp-content/uploads/2026/05/Head-ACTEUR-.jpg	Acteur — Le Grenier Théâtre	Le Grenier Théâtre (greniertheatre.org)	Droits réservés — usage éditorial source lieu	lundi_fill_reuse.tsv
programme	P0262	https://www.le-taquin.fr/site/wp-content/uploads/2026/07/09-09-2026_Taquin_site_2048x1365_3.jpg	JAM#1 en mixité choisie — Le Taquin	Le Taquin (le-taquin.fr)	Droits réservés — usage éditorial source lieu	lundi_fill_reuse.tsv
programme	P1909	https://lesjardinsdecandie.com/wp-content/uploads/2024/05/Groupe-93-1.png	Les Jardins de Candie — saison guinguette	Les Jardins de Candie (lesjardinsdecandie.com)	Droits réservés — usage éditorial source lieu	lundi_fill_reuse.tsv
programme	P0194	https://pianojacobins.com/wp-content/uploads/2026/04/affiche-festival-piano-jacobins-2026-3.jpg	Festival Piano aux Jacobins 2026 — Cloître des Jacobins	Piano aux Jacobins (pianojacobins.com)	Droits réservés — usage éditorial source lieu	lundi_fill_reuse.tsv
programme	PHG0007	https://festivalramonville-arto.fr/public/images/spectacle/1494/houriaa.jpg	Préambule Festival de rue de Ramonville — Bagatelle — Houriaa	Festival ARTO / Ramonville (festivalramonville-arto.fr)	Droits réservés — usage éditorial source lieu	lundi_fill_reuse.tsv
programme	PHG0008	https://festivalramonville-arto.fr/public/images/spectacle/1494/houriaa.jpg	Préambule Festival de rue de Ramonville — Bagatelle — Houriaa	Festival ARTO / Ramonville (festivalramonville-arto.fr)	Droits réservés — usage éditorial source lieu	lundi_fill_reuse.tsv
programme	P1785	https://s3.eu-west-3.amazonaws.com/content-tmcsi-prod-secutix-jfrr5x67/images/catalog/product/large/d34bc343-bea6-4b1f-b686-e73fbe860fc9.jpg	Soif d'adrénaline, le projet pirate — Centre culturel Espace JOB	Centres culturels Toulouse / Secutix	Droits réservés — usage éditorial source lieu	lundi_fill_reuse.tsv
programme	P1496	https://www.theatredupontneuf.fr/wp-content/uploads/2026/05/Design-sans-titre-1.png	Tentative de Réunification Coréenne par l'Amour, la Caresse… et l'Argent — Théâtre du Pont Neuf	Théâtre du Pont Neuf (theatredupontneuf.fr)	Droits réservés — usage éditorial source lieu	lundi_fill_reuse.tsv
programme	P1835	https://theatredepochetoulouse.fr/wp-content/uploads/2026/07/2026-09-10.png	Transit — Théâtre de Poche	Théâtre de Poche (theatredepochetoulouse.fr)	Droits réservés — usage éditorial source lieu	lundi_fill_reuse.tsv
programme	P1657	https://www.greniertheatre.org/wp-content/uploads/2026/05/Head-ACTEUR-.jpg	Acteur — Le Grenier Théâtre	Le Grenier Théâtre (greniertheatre.org)	Droits réservés — usage éditorial source lieu	lundi_fill_reuse.tsv
programme	P0263	https://www.le-taquin.fr/site/wp-content/uploads/2026/07/10-09-2026_Taquin_site_2048x1365.jpg	datziraGrain présente ECHO JAZZ — Le Taquin	Le Taquin (le-taquin.fr)	Droits réservés — usage éditorial source lieu	lundi_fill_reuse.tsv
programme	P1910	https://lesjardinsdecandie.com/wp-content/uploads/2024/05/Groupe-93-1.png	Les Jardins de Candie — saison guinguette	Les Jardins de Candie (lesjardinsdecandie.com)	Droits réservés — usage éditorial source lieu	lundi_fill_reuse.tsv
programme	P0195	https://pianojacobins.com/wp-content/uploads/2026/04/affiche-festival-piano-jacobins-2026-3.jpg	Festival Piano aux Jacobins 2026 — Cloître des Jacobins	Piano aux Jacobins (pianojacobins.com)	Droits réservés — usage éditorial source lieu	lundi_fill_reuse.tsv
programme	PHG0009	https://festivalramonville-arto.fr/public/images/spectacle/1476/sax-machines-c-helene-nugnes.jpg	Préambule Festival de rue de Ramonville — Labège — Sax Machines	Festival ARTO / Ramonville (festivalramonville-arto.fr)	Droits réservés — usage éditorial source lieu	lundi_fill_reuse.tsv
programme	PHG0010	https://festivalramonville-arto.fr/public/images/spectacle/1476/sax-machines-c-helene-nugnes.jpg	Préambule Festival de rue de Ramonville — Labège — Sax Machines	Festival ARTO / Ramonville (festivalramonville-arto.fr)	Droits réservés — usage éditorial source lieu	lundi_fill_reuse.tsv
programme	P1497	https://www.theatredupontneuf.fr/wp-content/uploads/2026/05/Design-sans-titre-1.png	Tentative de Réunification Coréenne par l'Amour, la Caresse… et l'Argent — Théâtre du Pont Neuf	Théâtre du Pont Neuf (theatredupontneuf.fr)	Droits réservés — usage éditorial source lieu	lundi_fill_reuse.tsv
programme	P1836	https://theatredepochetoulouse.fr/wp-content/uploads/2026/07/2026-09-11.jpg	Amareia en concert — Théâtre de Poche	Théâtre de Poche (theatredepochetoulouse.fr)	Droits réservés — usage éditorial source lieu	lundi_fill_reuse.tsv
programme	P1658	https://www.greniertheatre.org/wp-content/uploads/2026/05/photo-DEMOISELLES.jpeg	Les Demoiselles du Parc – 1914 — Le Grenier Théâtre	Le Grenier Théâtre (greniertheatre.org)	Droits réservés — usage éditorial source lieu	lundi_fill_reuse.tsv
programme	P0264	https://www.le-taquin.fr/site/wp-content/uploads/2026/07/12-09-2026_Taquin_site_2048x1365.jpg	CHELABÔM — Le Taquin	Le Taquin (le-taquin.fr)	Droits réservés — usage éditorial source lieu	lundi_fill_reuse.tsv
programme	P1537	https://www.lerextoulouse.com/media/data/spectacles/images/slider-1545.jpg	Hortense de Beauharnais All Night Long — Le Rex	Le Rex Toulouse (lerextoulouse.com)	Droits réservés — usage éditorial source lieu	lundi_fill_reuse.tsv
programme	P1911	https://lesjardinsdecandie.com/wp-content/uploads/2024/05/Groupe-93-1.png	Les Jardins de Candie — saison guinguette	Les Jardins de Candie (lesjardinsdecandie.com)	Droits réservés — usage éditorial source lieu	lundi_fill_reuse.tsv
programme	P0196	https://pianojacobins.com/wp-content/uploads/2026/04/affiche-festival-piano-jacobins-2026-3.jpg	Festival Piano aux Jacobins 2026 — Cloître des Jacobins	Piano aux Jacobins (pianojacobins.com)	Droits réservés — usage éditorial source lieu	lundi_fill_reuse.tsv
programme	PHG0011	https://festivalramonville-arto.fr/public/images/cover/BANNIERE_feu.jpg	Festival de rue de Ramonville 2026 — Le Kiwi (ARTO)	Festival ARTO / Ramonville (festivalramonville-arto.fr)	Droits réservés — usage éditorial source lieu	lundi_fill_reuse.tsv
programme	P1498	https://www.theatredupontneuf.fr/wp-content/uploads/2026/05/Design-sans-titre-1.png	Tentative de Réunification Coréenne par l'Amour, la Caresse… et l'Argent — Théâtre du Pont Neuf	Théâtre du Pont Neuf (theatredupontneuf.fr)	Droits réservés — usage éditorial source lieu	lundi_fill_reuse.tsv
programme	P1226	https://www.theatregaronne.com/sites/default/files/2026-06/cqv-3-pierre-etranger.JPG	Celui qui voit — Théâtre Garonne	Théâtre Garonne / crédit Pierre Étranger (theatregaronne.com)	Droits réservés — usage éditorial source lieu	lundi_fill_reuse.tsv
programme	P1227	https://www.theatregaronne.com/sites/default/files/2026-06/cqv-3-pierre-etranger.JPG	Celui qui voit — Théâtre Garonne	Théâtre Garonne / crédit Pierre Étranger (theatregaronne.com)	Droits réservés — usage éditorial source lieu	lundi_fill_reuse.tsv
programme	P1837	https://theatredepochetoulouse.fr/wp-content/uploads/2026/07/2026-09-12.png	L’Érable de la Fontaine — Théâtre de Poche	Théâtre de Poche (theatredepochetoulouse.fr)	Droits réservés — usage éditorial source lieu	lundi_fill_reuse.tsv
programme	P1448	https://www.theatredelaviolette.com/visuels/443-aff-Affiche%20MMT%20Jeune%20public.png	Les murmures de la Terre — Théâtre de la Violette	Théâtre de la Violette (theatredelaviolette.com)	Droits réservés — usage éditorial source lieu	lundi_fill_reuse.tsv
programme	P1449	https://www.theatredelaviolette.com/visuels/443-aff-Affiche%20MMT%20Jeune%20public.png	Les murmures de la Terre — Théâtre de la Violette	Théâtre de la Violette (theatredelaviolette.com)	Droits réservés — usage éditorial source lieu	lundi_fill_reuse.tsv
programme	P1659	https://www.greniertheatre.org/wp-content/uploads/2026/05/photo-DEMOISELLES.jpeg	Les Demoiselles du Parc – 1914 — Le Grenier Théâtre	Le Grenier Théâtre (greniertheatre.org)	Droits réservés — usage éditorial source lieu	lundi_fill_reuse.tsv
programme	P0189	https://monuments.toulouse.fr/wp-content/uploads/sites/14/2026/06/image00001-1-scaled.jpeg	Saison musicale Chapelle des Carmélites	Monuments de Toulouse (monuments.toulouse.fr)	Droits réservés — usage éditorial source lieu	lundi_fill_reuse.tsv
programme	P0265	https://www.le-taquin.fr/site/wp-content/uploads/2026/07/12-09-2026-_Taquin_site_2048x1365.jpg	DELI ZIRZOP — Le Taquin	Le Taquin (le-taquin.fr)	Droits réservés — usage éditorial source lieu	lundi_fill_reuse.tsv
programme	P1538	https://www.lerextoulouse.com/media/data/spectacles/images/slider-1539.jpg	Le Rex fête ses 10 ans — Le Rex	Le Rex Toulouse (lerextoulouse.com)	Droits réservés — usage éditorial source lieu	lundi_fill_reuse.tsv
programme	P1912	https://lesjardinsdecandie.com/wp-content/uploads/2024/05/Groupe-93-1.png	Les Jardins de Candie — saison guinguette	Les Jardins de Candie (lesjardinsdecandie.com)	Droits réservés — usage éditorial source lieu	lundi_fill_reuse.tsv
programme	P1729	https://laplacedeladanse.com/images/illustrations_fr/illu_page_1364T2.jpg?v=20260720140728	Dans la forêt / À la lisière — La Place de la Danse	La Place de la Danse CDCN (laplacedeladanse.com)	Droits réservés — usage éditorial source lieu	lundi_fill_reuse.tsv
programme	P0252	https://pianojacobins.com/wp-content/uploads/2026/04/affiche-festival-piano-jacobins-2026-3.jpg	Festival Piano aux Jacobins 2026 — Cloître des Jacobins	Piano aux Jacobins (pianojacobins.com)	Droits réservés — usage éditorial source lieu	lundi_fill_reuse.tsv
programme	PHG0012	https://festivalramonville-arto.fr/public/images/cover/BANNIERE_feu.jpg	Festival de rue de Ramonville 2026 — Le Kiwi (ARTO)	Festival ARTO / Ramonville (festivalramonville-arto.fr)	Droits réservés — usage éditorial source lieu	lundi_fill_reuse.tsv
programme	P1450	https://www.theatredelaviolette.com/visuels/443-aff-Affiche%20MMT%20Jeune%20public.png	Les murmures de la Terre — Théâtre de la Violette	Théâtre de la Violette (theatredelaviolette.com)	Droits réservés — usage éditorial source lieu	lundi_fill_reuse.tsv
programme	P1451	https://www.theatredelaviolette.com/visuels/443-aff-Affiche%20MMT%20Jeune%20public.png	Les murmures de la Terre — Théâtre de la Violette	Théâtre de la Violette (theatredelaviolette.com)	Droits réservés — usage éditorial source lieu	lundi_fill_reuse.tsv
programme	P1730	https://laplacedeladanse.com/images/illustrations_fr/illu_page_1364T2.jpg?v=20260720140728	Dans la forêt / À la lisière — La Place de la Danse	La Place de la Danse CDCN (laplacedeladanse.com)	Droits réservés — usage éditorial source lieu	lundi_fill_reuse.tsv
programme	PHG0013	https://festivalramonville-arto.fr/public/images/cover/BANNIERE_feu.jpg	Festival de rue de Ramonville 2026 — Le Kiwi (ARTO)	Festival ARTO / Ramonville (festivalramonville-arto.fr)	Droits réservés — usage éditorial source lieu	lundi_fill_reuse.tsv
programme	P0116	https://theatrelefilaplomb.fr/wp-content/uploads/2026/07/presentation-saison-26-27.png	Présentation de saison 2026-2027 — Théâtre le Fil à Plomb	Théâtre Le Fil à plomb (theatrelefilaplomb.fr)	Droits réservés — usage éditorial source lieu	lundi_fill_reuse.tsv
programme	P0197	https://pianojacobins.com/wp-content/uploads/2026/04/affiche-festival-piano-jacobins-2026-3.jpg	Festival Piano aux Jacobins 2026 — Cloître des Jacobins	Piano aux Jacobins (pianojacobins.com)	Droits réservés — usage éditorial source lieu	lundi_fill_reuse.tsv
programme	P1748	https://metropole.toulouse.fr/sites/toulouse-fr/files/2022-08/centre_culturel_bellegarde.jpg	Prenez Garde — Centre culturel Bellegarde	Toulouse Métropole / Centre culturel Bellegarde (metropole.toulouse.fr)	Droits réservés — usage éditorial source lieu	lundi_fill_reuse.tsv
programme	P1795	https://s3.eu-west-3.amazonaws.com/content-tmcsi-prod-secutix-jfrr5x67/images/catalog/product/large/dba0af57-a83d-44f4-9887-9aeae937f284.jpg	Bal Oc-Chaâbi / Fête de la rentrée — Centre culturel La Brique Rouge	Centres culturels Toulouse / Secutix (centresculturels.toulouse.fr)	Droits réservés — usage éditorial source lieu	lundi_fill_reuse.tsv
programme	P1822	https://s3.eu-west-3.amazonaws.com/content-tmcsi-prod-secutix-jfrr5x67/images/catalog/product/large/5c71273f-2285-4726-b7c1-117bbae0abf1.jpg	Akousmaflore - Visite Flash — Centre culturel Soupetard	Centres culturels Toulouse / Secutix	Droits réservés — usage éditorial source lieu	lundi_fill_reuse.tsv
programme	P1505	https://www.cave-poesie.com/wp-content/uploads/2026/08/LESABL1.jpg	Autour de Jean-Pierre Le Goff — Le sablier polychrome — Cave Poésie René-Gouzenne	Cave Poésie René-Gouzenne (cave-poesie.com) — photo événement « Le sablier polychrome »	Droits réservés — usage éditorial source lieu	lundi_fill_reuse.tsv
programme	P0198	https://pianojacobins.com/wp-content/uploads/2026/04/affiche-festival-piano-jacobins-2026-3.jpg	Festival Piano aux Jacobins 2026 — Cloître des Jacobins	Piano aux Jacobins (pianojacobins.com)	Droits réservés — usage éditorial source lieu	lundi_fill_reuse.tsv
programme	P1829	https://metropole.toulouse.fr/sites/toulouse-fr/files/2022-08/maison_citoyennete_reynerie.jpg	Les ailes du lac — Centre culturel Reynerie	Toulouse Métropole / Centre culturel Reynerie (metropole.toulouse.fr)	Droits réservés — usage éditorial source lieu	lundi_fill_reuse.tsv
programme	P1528	https://theatrelefilaplomb.fr/wp-content/uploads/2026/07/1000151658.jpg	Le Pays des sons — Théâtre le Fil à Plomb	Théâtre Le Fil à plomb (theatrelefilaplomb.fr)	Droits réservés — usage éditorial source lieu	lundi_fill_reuse.tsv
programme	P1838	https://theatredepochetoulouse.fr/wp-content/uploads/2026/07/2026-09-16-17.png	Les Dents du Rire — Théâtre de Poche	Théâtre de Poche (theatredepochetoulouse.fr)	Droits réservés — usage éditorial source lieu	lundi_fill_reuse.tsv
programme	P1452	https://www.theatredelaviolette.com/visuels/394-aff-Affiche%20Originale%20%28A4%29.jpg	La Fée des Fleurs et le Jardin Magique — Théâtre de la Violette	Théâtre de la Violette (theatredelaviolette.com)	Droits réservés — usage éditorial source lieu	lundi_fill_reuse.tsv
programme	P1453	https://www.theatredelaviolette.com/visuels/394-aff-Affiche%20Originale%20%28A4%29.jpg	La Fée des Fleurs et le Jardin Magique — Théâtre de la Violette	Théâtre de la Violette (theatredelaviolette.com)	Droits réservés — usage éditorial source lieu	lundi_fill_reuse.tsv
programme	P1454	https://www.theatredelaviolette.com/visuels/394-aff-Affiche%20Originale%20%28A4%29.jpg	La Fée des Fleurs et le Jardin Magique — Théâtre de la Violette	Théâtre de la Violette (theatredelaviolette.com)	Droits réservés — usage éditorial source lieu	lundi_fill_reuse.tsv
programme	P0266	https://www.le-taquin.fr/site/wp-content/uploads/2026/07/16-09-2026_SITE-TAQUIN_TEMPLATE_2048x1365.jpg	TABANAR — Le Taquin	Le Taquin (le-taquin.fr)	Droits réservés — usage éditorial source lieu	lundi_fill_reuse.tsv
programme	P1913	https://lesjardinsdecandie.com/wp-content/uploads/2024/05/Groupe-93-1.png	Les Jardins de Candie — saison guinguette	Les Jardins de Candie (lesjardinsdecandie.com)	Droits réservés — usage éditorial source lieu	lundi_fill_reuse.tsv
programme	P1775	https://s3.eu-west-3.amazonaws.com/content-tmcsi-prod-secutix-jfrr5x67/images/catalog/product/large/bf4920c6-9546-41d8-9cf2-9f1e252f9e7d.jpg	Comme si nous… L’Assemblée des clairières — Théâtre des Mazades	Centres culturels Toulouse / Secutix (centresculturels.toulouse.fr)	Droits réservés — usage éditorial source lieu	lundi_fill_reuse.tsv
programme	PHG0014	https://data.by-night.fr/uploads/documents/2026/08/01/566c884dc6764451be83fc5698dd77c0-full-image-6a6d7080a7ad7629026599.jpg	Lancement de la saison culturelle départementale — Espace Roguet	Espace Roguet / CD31 via by-night.fr	Droits réservés — usage éditorial source lieu	lundi_fill_reuse.tsv
programme	P1481	https://www.lacomediedetoulouse.com/media/data/spectacles/images/affiche-302_16.jpg	Impro Late Show — La Troupe de Trio d'Impro — La Comédie de Toulouse	La Comédie de Toulouse (lacomediedetoulouse.com)	Droits réservés — usage éditorial source lieu	lundi_fill_reuse.tsv
programme	P0117	https://theatrelefilaplomb.fr/wp-content/uploads/2026/07/1000003784-scaled.jpg	Vernissage Prune — Théâtre le Fil à Plomb	Théâtre le Fil à Plomb (theatrelefilaplomb.fr)	Droits réservés — usage éditorial source lieu	lundi_fill_reuse.tsv
programme	P1534	https://theatrelefilaplomb.fr/wp-content/uploads/2026/07/1000003784-scaled.jpg	Vernissage Prune — Théâtre le Fil à Plomb	Théâtre le Fil à Plomb (theatrelefilaplomb.fr)	Droits réservés — usage éditorial source lieu	lundi_fill_reuse.tsv
programme	P0118	https://theatrelefilaplomb.fr/wp-content/uploads/2026/07/Logo-Souk-Ace-Dance-One-Man-Band.png	One Man Band — Souk Ace Dance — Théâtre le Fil à Plomb	Théâtre Le Fil à plomb (theatrelefilaplomb.fr)	Droits réservés — usage éditorial source lieu	lundi_fill_reuse.tsv
programme	P1532	https://theatrelefilaplomb.fr/wp-content/uploads/2026/07/Logo-Souk-Ace-Dance-One-Man-Band.png	One Man Band — Souk Ace Dance — Théâtre le Fil à Plomb	Théâtre Le Fil à plomb (theatrelefilaplomb.fr)	Droits réservés — usage éditorial source lieu	lundi_fill_reuse.tsv
programme	P1839	https://theatredepochetoulouse.fr/wp-content/uploads/2026/07/2026-09-16-17.png	Les Dents du Rire — Théâtre de Poche	Théâtre de Poche (theatredepochetoulouse.fr)	Droits réservés — usage éditorial source lieu	lundi_fill_reuse.tsv
programme	P1455	https://www.theatredelaviolette.com/visuels/394-aff-Affiche%20Originale%20%28A4%29.jpg	La Fée des Fleurs et le Jardin Magique — Théâtre de la Violette	Théâtre de la Violette (theatredelaviolette.com)	Droits réservés — usage éditorial source lieu	lundi_fill_reuse.tsv
programme	P1660	https://www.greniertheatre.org/wp-content/uploads/2026/04/Header-Huis-Clos-e1777549146201.jpg	Huis Clos — Le Grenier Théâtre	Le Grenier Théâtre (greniertheatre.org)	Droits réservés — usage éditorial source lieu	lundi_fill_reuse.tsv
programme	P0190	https://monuments.toulouse.fr/wp-content/uploads/sites/14/2026/06/image00001-1-scaled.jpeg	Saison musicale Chapelle des Carmélites	Monuments de Toulouse (monuments.toulouse.fr)	Droits réservés — usage éditorial source lieu	lundi_fill_reuse.tsv
programme	P0267	https://www.le-taquin.fr/site/wp-content/uploads/2026/07/17-09-2026_SITE-TAQUIN_TEMPLATE_2048x1365.jpg	FEELING THE SPIRIT OF GRANT GREEN — Le Taquin	Le Taquin (le-taquin.fr)	Droits réservés — usage éditorial source lieu	lundi_fill_reuse.tsv
programme	P1914	https://lesjardinsdecandie.com/wp-content/uploads/2024/05/Groupe-93-1.png	Les Jardins de Candie — saison guinguette	Les Jardins de Candie (lesjardinsdecandie.com)	Droits réservés — usage éditorial source lieu	lundi_fill_reuse.tsv
programme	P0199	https://pianojacobins.com/wp-content/uploads/2026/04/affiche-festival-piano-jacobins-2026-3.jpg	Festival Piano aux Jacobins 2026 — Cloître des Jacobins	Piano aux Jacobins (pianojacobins.com)	Droits réservés — usage éditorial source lieu	lundi_fill_reuse.tsv
programme	P1757	https://s3.eu-west-3.amazonaws.com/content-tmcsi-prod-secutix-jfrr5x67/images/catalog/product/large/7d1cc2b7-c263-4a67-ac72-c6003f653acd.jpg	Murmures avec Princess OG — Centre culturel Saint-Cyprien	Centres culturels Toulouse / Secutix	Droits réservés — usage éditorial source lieu	lundi_fill_reuse.tsv
programme	P1814	https://s3.eu-west-3.amazonaws.com/content-tmcsi-prod-secutix-jfrr5x67/images/catalog/product/large/fc9c8f2d-7123-45a5-8316-e2c59b77d9ba.jpg	DÉCHARGE. — Centre culturel Renan	Centres culturels Toulouse / Secutix (centresculturels.toulouse.fr)	Droits réservés — usage éditorial source lieu	lundi_fill_reuse.tsv
programme	P1379	https://cdn.openagenda.com/main/122275e848ba481381adcf407526e8ce.full.image.jpg	Conférence Rusalka — Jules Bigey — Théâtre du Capitole	Théâtre du Capitole / OpenAgenda (opera.toulouse.fr)	Droits réservés — usage éditorial source lieu	lundi_fill_reuse.tsv
programme	P1506	https://www.cave-poesie.com/wp-content/uploads/2026/07/Affiche_A3_NO_FP_page-0001.jpg	Chez René 2026 — Lever de rideau — Cave Poésie René-Gouzenne	Cave Poésie René-Gouzenne (cave-poesie.com)	Droits réservés — usage éditorial source lieu	lundi_fill_reuse.tsv
programme	P1482	https://www.lacomediedetoulouse.com/media/data/spectacles/images/affiche-756_4.jpg	Burlesk — Les Demoiselles du K-Barré — La Comédie de Toulouse	La Comédie de Toulouse (lacomediedetoulouse.com)	Droits réservés — usage éditorial source lieu	lundi_fill_reuse.tsv
programme	P0119	https://theatrelefilaplomb.fr/wp-content/uploads/2026/07/Logo-Souk-Ace-Dance-One-Man-Band.png	One Man Band — Souk Ace Dance — Théâtre le Fil à Plomb	Théâtre Le Fil à plomb (theatrelefilaplomb.fr)	Droits réservés — usage éditorial source lieu	lundi_fill_reuse.tsv
programme	P1533	https://theatrelefilaplomb.fr/wp-content/uploads/2026/07/Logo-Souk-Ace-Dance-One-Man-Band.png	One Man Band — Souk Ace Dance — Théâtre le Fil à Plomb	Théâtre Le Fil à plomb (theatrelefilaplomb.fr)	Droits réservés — usage éditorial source lieu	lundi_fill_reuse.tsv
programme	P1410	https://image.jimcdn.com/app/cms/image/transf/none/path/sd986c7d1529c4b8d/image/i977abca5fe9de1bd/version/1784636850/image.jpg	François Bry Trio — ’Round 76 — Café-Théâtre Le 57 (18 sept. 2026)	Café-Théâtre Le 57 (le57.com / Jimdo)	Droits réservés — usage éditorial source lieu	lundi_fill_reuse.tsv
programme	P1840	https://theatredepochetoulouse.fr/wp-content/uploads/2026/07/2026-09-18.png	Le Cœur battant — Théâtre de Poche	Théâtre de Poche (theatredepochetoulouse.fr)	Droits réservés — usage éditorial source lieu	lundi_fill_reuse.tsv
programme	P1661	https://www.greniertheatre.org/wp-content/uploads/2026/04/Header-Huis-Clos-e1777549146201.jpg	Huis Clos — Le Grenier Théâtre	Le Grenier Théâtre (greniertheatre.org)	Droits réservés — usage éditorial source lieu	lundi_fill_reuse.tsv
programme	P0268	https://www.le-taquin.fr/site/wp-content/uploads/2026/07/18-09-2026_SITE-TAQUIN_TEMPLATE_2048x1365.jpg	La Mòssa + Sollùna - FESTIVAL OCCITANIA — Le Taquin	Le Taquin (le-taquin.fr)	Droits réservés — usage éditorial source lieu	lundi_fill_reuse.tsv
programme	P1540	https://www.lerextoulouse.com/media/data/spectacles/images/slider-1540.jpg	Noise Party : Mourir & Urge — Le Rex	Le Rex Toulouse (lerextoulouse.com)	Droits réservés — usage éditorial source lieu	lundi_fill_reuse.tsv
programme	P1539	https://www.lerextoulouse.com/media/data/spectacles/images/slider-1540.jpg	Noise Party : Mourir & Urge — Le Rex	Le Rex Toulouse (lerextoulouse.com)	Droits réservés — usage éditorial source lieu	lundi_fill_reuse.tsv
programme	TMPP0998	https://cdn.sanity.io/images/rf3cqo3h/production/699911e8e0e27c408c898fb1297c2f638a4d551c-5000x4240.jpg	The Young Gods — Le Bikini	Le Bikini (lebikini.com / Sanity CDN)	Droits réservés — usage éditorial source lieu	lundi_fill_reuse.tsv
programme	P0259	https://cdn.sanity.io/images/rf3cqo3h/production/699911e8e0e27c408c898fb1297c2f638a4d551c-5000x4240.jpg	The Young Gods — Le Bikini	Le Bikini (lebikini.com / Sanity CDN)	Droits réservés — usage éditorial source lieu	lundi_fill_reuse.tsv
programme	P1915	https://lesjardinsdecandie.com/wp-content/uploads/2024/05/Groupe-93-1.png	Les Jardins de Candie — saison guinguette	Les Jardins de Candie (lesjardinsdecandie.com)	Droits réservés — usage éditorial source lieu	lundi_fill_reuse.tsv
programme	P0200	https://pianojacobins.com/wp-content/uploads/2026/04/affiche-festival-piano-jacobins-2026-3.jpg	Festival Piano aux Jacobins 2026 — Cloître des Jacobins	Piano aux Jacobins (pianojacobins.com)	Droits réservés — usage éditorial source lieu	lundi_fill_reuse.tsv
programme	PHG0015	https://cdn.openagenda.com/main/833e74e637154bb9a0fcbb23e400a110.base.image.jpg	Concert — Bonjour Au Revoir (Beatles) — Café associatif Le Buv'Art	Café associatif Le Buv'Art / OpenAgenda	Droits réservés — usage éditorial source lieu	lundi_fill_reuse.tsv
programme	P1816	https://s3.eu-west-3.amazonaws.com/content-tmcsi-prod-secutix-jfrr5x67/images/catalog/product/large/a1fe7959-baa1-4d95-b37d-b2f9564b238b.png	Le Centre culturel de Jean Montariol — Centre culturel Renan	Centres culturels Toulouse / Secutix	Droits réservés — usage éditorial source lieu	lundi_fill_reuse.tsv
programme	P1389	https://theatre-cite.com/assets/uploads/2026/06/TC-26-27_ECRANS_mac-2048x1280.jpg	Journées Européennes du Patrimoine — Théâtre de la Cité	Théâtre de la Cité CDN (theatre-cite.com)	Droits réservés — usage éditorial source lieu	lundi_fill_reuse.tsv
programme	P1390	https://theatre-cite.com/assets/uploads/2026/06/TC-26-27_ECRANS_mac-2048x1280.jpg	Journées Européennes du Patrimoine — Théâtre de la Cité	Théâtre de la Cité CDN (theatre-cite.com)	Droits réservés — usage éditorial source lieu	lundi_fill_reuse.tsv
programme	P1391	https://theatre-cite.com/assets/uploads/2026/06/TC-26-27_ECRANS_mac-2048x1280.jpg	Journées Européennes du Patrimoine — Théâtre de la Cité	Théâtre de la Cité CDN (theatre-cite.com)	Droits réservés — usage éditorial source lieu	lundi_fill_reuse.tsv
programme	P1392	https://theatre-cite.com/assets/uploads/2026/06/TC-26-27_ECRANS_mac-2048x1280.jpg	Journées Européennes du Patrimoine — Théâtre de la Cité	Théâtre de la Cité CDN (theatre-cite.com)	Droits réservés — usage éditorial source lieu	lundi_fill_reuse.tsv
programme	P1393	https://theatre-cite.com/assets/uploads/2026/06/TC-26-27_ECRANS_mac-2048x1280.jpg	Journées Européennes du Patrimoine — Théâtre de la Cité	Théâtre de la Cité CDN (theatre-cite.com)	Droits réservés — usage éditorial source lieu	lundi_fill_reuse.tsv
programme	P1507	https://www.cave-poesie.com/wp-content/uploads/2026/07/Affiche_A3_NO_FP_page-0001.jpg	Chez René 2026 — Bazar littéraire — Cave Poésie René-Gouzenne	Cave Poésie René-Gouzenne (cave-poesie.com)	Droits réservés — usage éditorial source lieu	lundi_fill_reuse.tsv
programme	P1529	https://theatrelefilaplomb.fr/wp-content/uploads/2026/07/1000151658.jpg	Le Pays des sons — Théâtre le Fil à Plomb	Théâtre Le Fil à plomb (theatrelefilaplomb.fr)	Droits réservés — usage éditorial source lieu	lundi_fill_reuse.tsv
programme	P1411	https://image.jimcdn.com/app/cms/image/transf/none/path/sd986c7d1529c4b8d/image/i977abca5fe9de1bd/version/1784636850/image.jpg	François Bry Trio — ’Round 76 — Café-Théâtre Le 57 (18 sept. 2026)	Café-Théâtre Le 57 (le57.com / Jimdo)	Droits réservés — usage éditorial source lieu	lundi_fill_reuse.tsv
programme	P1841	https://theatredepochetoulouse.fr/wp-content/uploads/2026/07/2026-09-19.png	Divagueries sentimentales — Théâtre de Poche	Théâtre de Poche (theatredepochetoulouse.fr)	Droits réservés — usage éditorial source lieu	lundi_fill_reuse.tsv
programme	P1456	https://www.theatredelaviolette.com/visuels/394-aff-Affiche%20Originale%20%28A4%29.jpg	La Fée des Fleurs et le Jardin Magique — Théâtre de la Violette	Théâtre de la Violette (theatredelaviolette.com)	Droits réservés — usage éditorial source lieu	lundi_fill_reuse.tsv
programme	P1457	https://www.theatredelaviolette.com/visuels/394-aff-Affiche%20Originale%20%28A4%29.jpg	La Fée des Fleurs et le Jardin Magique — Théâtre de la Violette	Théâtre de la Violette (theatredelaviolette.com)	Droits réservés — usage éditorial source lieu	lundi_fill_reuse.tsv
programme	P1662	https://www.greniertheatre.org/wp-content/uploads/2026/04/Header-Huis-Clos-e1777549146201.jpg	Huis Clos — Le Grenier Théâtre	Le Grenier Théâtre (greniertheatre.org)	Droits réservés — usage éditorial source lieu	lundi_fill_reuse.tsv
programme	P0269	https://www.le-taquin.fr/site/wp-content/uploads/2026/07/19-09-2026_SITE-TAQUIN_TEMPLATE_2048x1365.jpg	Irina González JAM LATINA #2 Destination Brésil ! — Le Taquin	Le Taquin (le-taquin.fr)	Droits réservés — usage éditorial source lieu	lundi_fill_reuse.tsv
programme	P1916	https://lesjardinsdecandie.com/wp-content/uploads/2024/05/Groupe-93-1.png	Les Jardins de Candie — saison guinguette	Les Jardins de Candie (lesjardinsdecandie.com)	Droits réservés — usage éditorial source lieu	lundi_fill_reuse.tsv
programme	P1731	https://laplacedeladanse.com/images/illustrations_fr/illu_page_1365T2.jpg	On fait pas d'omelette sans casser des œufs — La Place de la Danse	La Place de la Danse CDCN (laplacedeladanse.com)	Droits réservés — usage éditorial source lieu	lundi_fill_reuse.tsv
programme	PHG0016	https://cdt31.media.tourinsoft.eu/upload/wonder-brass-quartet.jpg	Wonder Brass Quartet — concert (Journées du Patrimoine) — Archives départementales de la Haute-Garonne	Haute-Garonne Tourisme / Tourinsoft	Droits réservés — usage éditorial source lieu	lundi_fill_reuse.tsv
programme	PHG0017	https://cdt31.media.tourinsoft.eu/upload/wonder-brass-quartet.jpg	Wonder Brass Quartet — concert (Journées du Patrimoine) — Archives départementales de la Haute-Garonne	Haute-Garonne Tourisme / Tourinsoft	Droits réservés — usage éditorial source lieu	lundi_fill_reuse.tsv
programme	PHG0018	https://cdt31.media.tourinsoft.eu/upload/wonder-brass-quartet.jpg	Wonder Brass Quartet — concert (Journées du Patrimoine) — Archives départementales de la Haute-Garonne	Haute-Garonne Tourisme / Tourinsoft	Droits réservés — usage éditorial source lieu	lundi_fill_reuse.tsv
programme	P1508	https://www.cave-poesie.com/wp-content/uploads/2026/07/Affiche_A3_NO_FP_page-0001.jpg	Chez René 2026 — Bazar littéraire — Cave Poésie René-Gouzenne	Cave Poésie René-Gouzenne (cave-poesie.com)	Droits réservés — usage éditorial source lieu	lundi_fill_reuse.tsv
programme	P1458	https://www.theatredelaviolette.com/visuels/394-aff-Affiche%20Originale%20%28A4%29.jpg	La Fée des Fleurs et le Jardin Magique — Théâtre de la Violette	Théâtre de la Violette (theatredelaviolette.com)	Droits réservés — usage éditorial source lieu	lundi_fill_reuse.tsv
programme	P1459	https://www.theatredelaviolette.com/visuels/394-aff-Affiche%20Originale%20%28A4%29.jpg	La Fée des Fleurs et le Jardin Magique — Théâtre de la Violette	Théâtre de la Violette (theatredelaviolette.com)	Droits réservés — usage éditorial source lieu	lundi_fill_reuse.tsv
programme	P1460	https://www.theatredelaviolette.com/visuels/394-aff-Affiche%20Originale%20%28A4%29.jpg	La Fée des Fleurs et le Jardin Magique — Théâtre de la Violette	Théâtre de la Violette (theatredelaviolette.com)	Droits réservés — usage éditorial source lieu	lundi_fill_reuse.tsv
programme	P1541	https://www.lerextoulouse.com/media/data/spectacles/images/slider-1378.jpg	Einar Solberg & Guest — Le Rex	Le Rex Toulouse (lerextoulouse.com)	Droits réservés — usage éditorial source lieu	lundi_fill_reuse.tsv
programme	PHG0019	https://cdt31.media.tourinsoft.eu/upload/SUSPEND-S.jpg	Suspend's — Archives départementales de la Haute-Garonne	Haute-Garonne Tourisme / Tourinsoft	Droits réservés — usage éditorial source lieu	lundi_fill_reuse.tsv
programme	PHG0020	https://www.comdt.org/wp-content/uploads/2026/06/EVENT-SITE-3.jpg	Bal des étudiants CRR/COMDT (Journées du Patrimoine) — COMDT (Centre occitan des musiques et danses traditionnelles)	COMDT (comdt.org)	Droits réservés — usage éditorial source lieu	lundi_fill_reuse.tsv
programme	PHG0021	https://www.comdt.org/wp-content/uploads/2026/06/EVENT-SITE-3.jpg	Concert / sortie de résidence — Tolosa Trobadors — COMDT (Centre occitan des musiques et danses traditionnelles)	COMDT (comdt.org)	Droits réservés — usage éditorial source lieu	lundi_fill_reuse.tsv
programme	P0191	https://monuments.toulouse.fr/wp-content/uploads/sites/14/2026/06/image00001-1-scaled.jpeg	Saison musicale Chapelle des Carmélites	Monuments de Toulouse (monuments.toulouse.fr)	Droits réservés — usage éditorial source lieu	lundi_fill_reuse.tsv
programme	P1374	https://cdn.openagenda.com/main/122275e848ba481381adcf407526e8ce.base.image.jpg	Rusalka — Théâtre du Capitole	Opéra national du Capitole / OpenAgenda	Droits réservés — usage éditorial source lieu	lundi_fill_reuse.tsv
programme	P0201	https://pianojacobins.com/wp-content/uploads/2026/04/affiche-festival-piano-jacobins-2026-3.jpg	Festival Piano aux Jacobins 2026 — Cloître des Jacobins	Piano aux Jacobins (pianojacobins.com)	Droits réservés — usage éditorial source lieu	lundi_fill_reuse.tsv
programme	P1732	https://laplacedeladanse.com/images/illustrations_fr/illu_page_1449T2.jpg	Présentation saison 2026-2027 — La Place de la Danse	La Place de la Danse CDCN (laplacedeladanse.com)	Droits réservés — usage éditorial source lieu	lundi_fill_reuse.tsv
programme	P1784	https://s3.eu-west-3.amazonaws.com/content-tmcsi-prod-secutix-jfrr5x67/images/catalog/product/large/b7dc9ca7-dd0b-4fb6-956b-012cd6e11b09.jpg	Favo part en liv(r)e — Centre culturel Espace JOB	Centres culturels Toulouse / Secutix	Droits réservés — usage éditorial source lieu	lundi_fill_reuse.tsv
programme	P1380	https://theatre-cite.com/assets/uploads/2026/05/ChristopheRAYNAUDDELAGE_240702_RdL_3120.jpg	Qui som? — Baro d'evel — ThéâtredelaCité	Théâtre de la Cité CDN (theatre-cite.com)	Droits réservés — usage éditorial source lieu	lundi_fill_reuse.tsv
programme	P1509	https://www.cave-poesie.com/wp-content/uploads/2026/02/TENTATIVE-EPUISEMENT_web-menu.jpg	Tentative d'épuisement #1 — Cave Poésie René-Gouzenne	Cave Poésie René-Gouzenne (cave-poesie.com)	Droits réservés — usage éditorial source lieu	lundi_fill_reuse.tsv
programme	P1499	https://www.theatredupontneuf.fr/wp-content/uploads/2026/05/LUsine.jpg	L'histoire incroyable… usine TU — Théâtre du Pont Neuf	Théâtre du Pont Neuf (theatredupontneuf.fr)	Droits réservés — usage éditorial source lieu	lundi_fill_reuse.tsv
programme	P1530	https://theatrelefilaplomb.fr/wp-content/uploads/2026/07/1000151658.jpg	Le Pays des sons — Théâtre le Fil à Plomb	Théâtre Le Fil à plomb (theatrelefilaplomb.fr)	Droits réservés — usage éditorial source lieu	lundi_fill_reuse.tsv
programme	P1842	https://theatredepochetoulouse.fr/wp-content/uploads/2026/07/2026-09-23.jpg	Patchwork — Théâtre de Poche	Théâtre de Poche (theatredepochetoulouse.fr)	Droits réservés — usage éditorial source lieu	lundi_fill_reuse.tsv
programme	P1461	https://www.theatredelaviolette.com/visuels/394-aff-Affiche%20Originale%20%28A4%29.jpg	La Fée des Fleurs et le Jardin Magique — Théâtre de la Violette	Théâtre de la Violette (theatredelaviolette.com)	Droits réservés — usage éditorial source lieu	lundi_fill_reuse.tsv
programme	P1462	https://www.theatredelaviolette.com/visuels/394-aff-Affiche%20Originale%20%28A4%29.jpg	La Fée des Fleurs et le Jardin Magique — Théâtre de la Violette	Théâtre de la Violette (theatredelaviolette.com)	Droits réservés — usage éditorial source lieu	lundi_fill_reuse.tsv
programme	P1463	https://www.theatredelaviolette.com/visuels/394-aff-Affiche%20Originale%20%28A4%29.jpg	La Fée des Fleurs et le Jardin Magique — Théâtre de la Violette	Théâtre de la Violette (theatredelaviolette.com)	Droits réservés — usage éditorial source lieu	lundi_fill_reuse.tsv
programme	P1663	https://www.greniertheatre.org/wp-content/uploads/2026/04/Comme-ils-disent-Header.jpg	Comme ils Disent — Le Grenier Théâtre	Le Grenier Théâtre (greniertheatre.org)	Droits réservés — usage éditorial source lieu	lundi_fill_reuse.tsv
programme	P0192	https://monuments.toulouse.fr/wp-content/uploads/sites/14/2026/06/image00001-1-scaled.jpeg	Saison musicale Chapelle des Carmélites	Monuments de Toulouse (monuments.toulouse.fr)	Droits réservés — usage éditorial source lieu	lundi_fill_reuse.tsv
programme	P0270	https://www.le-taquin.fr/site/wp-content/uploads/2026/07/23-09-2026_SITE-TAQUIN_TEMPLATE_2048x1365.jpg	Valentin POMMERAY TRIO — Le Taquin	Le Taquin (le-taquin.fr)	Droits réservés — usage éditorial source lieu	lundi_fill_reuse.tsv
programme	P1621	https://www.box.fr/media/cache/fiche/images/0389ddfc919a7f4750a626a165ddc0ffb34a127a.jpg	LA DAME DE PIERRE — Zénith Toulouse Métropole	box.fr / Symphonia Productions (billetterie)	Droits réservés — usage éditorial source lieu	lundi_fill_reuse.tsv
programme	P1917	https://lesjardinsdecandie.com/wp-content/uploads/2024/05/Groupe-93-1.png	Les Jardins de Candie — saison guinguette	Les Jardins de Candie (lesjardinsdecandie.com)	Droits réservés — usage éditorial source lieu	lundi_fill_reuse.tsv
programme	P1381	https://theatre-cite.com/assets/uploads/2026/05/ChristopheRAYNAUDDELAGE_240702_RdL_3120.jpg	Qui som? — Baro d'evel — ThéâtredelaCité	Théâtre de la Cité CDN (theatre-cite.com)	Droits réservés — usage éditorial source lieu	lundi_fill_reuse.tsv
programme	P1510	https://www.cave-poesie.com/wp-content/uploads/2026/02/TENTATIVE-EPUISEMENT_web-menu.jpg	Tentative d'épuisement #1 — Cave Poésie René-Gouzenne	Cave Poésie René-Gouzenne (cave-poesie.com)	Droits réservés — usage éditorial source lieu	lundi_fill_reuse.tsv
programme	P1500	https://www.theatredupontneuf.fr/wp-content/uploads/2026/05/LUsine.jpg	L'histoire incroyable… usine TU — Théâtre du Pont Neuf	Théâtre du Pont Neuf (theatredupontneuf.fr)	Droits réservés — usage éditorial source lieu	lundi_fill_reuse.tsv
programme	P1664	https://www.greniertheatre.org/wp-content/uploads/2026/04/Comme-ils-disent-Header.jpg	Comme ils Disent — Le Grenier Théâtre	Le Grenier Théâtre (greniertheatre.org)	Droits réservés — usage éditorial source lieu	lundi_fill_reuse.tsv
programme	P1375	https://cdn.openagenda.com/main/122275e848ba481381adcf407526e8ce.base.image.jpg	Rusalka — Théâtre du Capitole	Opéra national du Capitole / OpenAgenda	Droits réservés — usage éditorial source lieu	lundi_fill_reuse.tsv
programme	P1382	https://theatre-cite.com/assets/uploads/2026/05/ChristopheRAYNAUDDELAGE_240702_RdL_3120.jpg	Qui som? — Baro d'evel — ThéâtredelaCité	Théâtre de la Cité CDN (theatre-cite.com)	Droits réservés — usage éditorial source lieu	lundi_fill_reuse.tsv
programme	P1511	https://www.cave-poesie.com/wp-content/uploads/2026/02/TENTATIVE-EPUISEMENT_web-menu.jpg	Tentative d'épuisement #1 — Cave Poésie René-Gouzenne	Cave Poésie René-Gouzenne (cave-poesie.com)	Droits réservés — usage éditorial source lieu	lundi_fill_reuse.tsv
programme	P1501	https://www.theatredupontneuf.fr/wp-content/uploads/2026/05/LUsine.jpg	L'histoire incroyable… usine TU — Théâtre du Pont Neuf	Théâtre du Pont Neuf (theatredupontneuf.fr)	Droits réservés — usage éditorial source lieu	lundi_fill_reuse.tsv
programme	P1665	https://www.greniertheatre.org/wp-content/uploads/2026/04/Comme-ils-disent-Header.jpg	Comme ils Disent — Le Grenier Théâtre	Le Grenier Théâtre (greniertheatre.org)	Droits réservés — usage éditorial source lieu	lundi_fill_reuse.tsv
programme	P1383	https://theatre-cite.com/assets/uploads/2026/05/ChristopheRAYNAUDDELAGE_240702_RdL_3120.jpg	Qui som? — Baro d'evel — ThéâtredelaCité	Théâtre de la Cité CDN (theatre-cite.com)	Droits réservés — usage éditorial source lieu	lundi_fill_reuse.tsv
programme	P1531	https://theatrelefilaplomb.fr/wp-content/uploads/2026/07/1000151658.jpg	Le Pays des sons — Théâtre le Fil à Plomb	Théâtre Le Fil à plomb (theatrelefilaplomb.fr)	Droits réservés — usage éditorial source lieu	lundi_fill_reuse.tsv
programme	P1376	https://cdn.openagenda.com/main/122275e848ba481381adcf407526e8ce.base.image.jpg	Rusalka — Théâtre du Capitole	Opéra national du Capitole / OpenAgenda	Droits réservés — usage éditorial source lieu	lundi_fill_reuse.tsv
programme	P1512	https://www.cave-poesie.com/wp-content/uploads/2026/02/TENTATIVE-EPUISEMENT_web-menu.jpg	Tentative d'épuisement #1 — Cave Poésie René-Gouzenne	Cave Poésie René-Gouzenne (cave-poesie.com)	Droits réservés — usage éditorial source lieu	lundi_fill_reuse.tsv
programme	P1384	https://theatre-cite.com/assets/uploads/2026/05/ChristopheRAYNAUDDELAGE_240702_RdL_3120.jpg	Qui som? — Baro d'evel — ThéâtredelaCité	Théâtre de la Cité CDN (theatre-cite.com)	Droits réservés — usage éditorial source lieu	lundi_fill_reuse.tsv
programme	P1377	https://cdn.openagenda.com/main/122275e848ba481381adcf407526e8ce.base.image.jpg	Rusalka — Théâtre du Capitole	Opéra national du Capitole / OpenAgenda	Droits réservés — usage éditorial source lieu	lundi_fill_reuse.tsv
programme	P1385	https://theatre-cite.com/assets/uploads/2026/05/ChristopheRAYNAUDDELAGE_240702_RdL_3120.jpg	Qui som? — Baro d'evel — ThéâtredelaCité	Théâtre de la Cité CDN (theatre-cite.com)	Droits réservés — usage éditorial source lieu	lundi_fill_reuse.tsv
programme	P1513	https://www.cave-poesie.com/wp-content/uploads/2026/02/TENTATIVE-EPUISEMENT_web-menu.jpg	Tentative d'épuisement #1 — Cave Poésie René-Gouzenne	Cave Poésie René-Gouzenne (cave-poesie.com)	Droits réservés — usage éditorial source lieu	lundi_fill_reuse.tsv
programme	P1386	https://theatre-cite.com/assets/uploads/2026/05/ChristopheRAYNAUDDELAGE_240702_RdL_3120.jpg	Qui som? — Baro d'evel — ThéâtredelaCité	Théâtre de la Cité CDN (theatre-cite.com)	Droits réservés — usage éditorial source lieu	lundi_fill_reuse.tsv
programme	P1387	https://theatre-cite.com/assets/uploads/2026/05/ChristopheRAYNAUDDELAGE_240702_RdL_3120.jpg	Qui som? — Baro d'evel — ThéâtredelaCité	Théâtre de la Cité CDN (theatre-cite.com)	Droits réservés — usage éditorial source lieu	lundi_fill_reuse.tsv
programme	P1388	https://theatre-cite.com/assets/uploads/2026/05/ChristopheRAYNAUDDELAGE_240702_RdL_3120.jpg	Qui som? — Baro d'evel — ThéâtredelaCité	Théâtre de la Cité CDN (theatre-cite.com)	Droits réservés — usage éditorial source lieu	lundi_fill_reuse.tsv
programme	P1378	https://cdn.openagenda.com/main/122275e848ba481381adcf407526e8ce.base.image.jpg	Rusalka — Théâtre du Capitole	Opéra national du Capitole / OpenAgenda	Droits réservés — usage éditorial source lieu	lundi_fill_reuse.tsv
programme	TMPP0810	https://s3.eu-west-3.amazonaws.com/content-tmcsi-prod-secutix-jfrr5x67/images/catalog/product/large/2a60f6a6-cf16-40a0-b4cd-ae0add1379e3.png	Moutons — Centre culturel Renan	Centres culturels Toulouse / Secutix (centresculturels.toulouse.fr)	Droits réservés — usage éditorial source lieu	lundi_fill_reuse.tsv
artiste	A0008	https://upload.wikimedia.org/wikipedia/commons/thumb/8/8d/Montreuil_-_Salon_du_livre_jeunesse_2011_-_Anne_Roumanoff_-_001.jpg/1280px-Montreuil_-_Salon_du_livre_jeunesse_2011_-_Anne_Roumanoff_-_001.jpg	Anne Roumanoff — humoriste et comédienne française	Thesupermat — Wikimedia Commons (File:Montreuil - Salon du livre jeunesse 2011 - Anne Roumanoff - 001.jpg)	CC BY-SA 3.0	p0_artistes_photos.tsv
artiste	A0018	https://upload.wikimedia.org/wikipedia/commons/a/a9/Fabien_Olicard_en_2023.png	Fabien Olicard — mentaliste	VL. — Wikimedia Commons (File:Fabien Olicard en 2023.png)	CC BY 3.0	p0_artistes_photos.tsv
artiste	A0022	https://upload.wikimedia.org/wikipedia/commons/thumb/b/b2/JDP25_Ben_l%27Oncle_Soul.jpg/1280px-JDP25_Ben_l%27Oncle_Soul.jpg	Ben l'Oncle Soul — chanteur et auteur-compositeur français	MFonzatti — Wikimedia Commons (File:JDP25 Ben l'Oncle Soul.jpg)	CC BY-SA 4.0	p0_artistes_photos.tsv
artiste	A0024	https://upload.wikimedia.org/wikipedia/commons/a/a4/Bakermat_image.jpg	Bakermat — DJ et producteur néerlandais	ZelTroy — Wikimedia Commons (File:Bakermat image.jpg)	CC BY-SA 4.0	p0_artistes_photos.tsv
artiste	A0031	https://upload.wikimedia.org/wikipedia/commons/thumb/e/eb/Festival_des_Vieilles_Charrues_2022_-_Lujipeka_-_015.jpg/1280px-Festival_des_Vieilles_Charrues_2022_-_Lujipeka_-_015.jpg	Lujipeka — rappeur français	Fab_Photo_29 — Wikimedia Commons (File:Festival des Vieilles Charrues 2022 - Lujipeka - 015.jpg)	CC BY-SA 2.0	p0_artistes_photos.tsv
artiste	A0036	https://upload.wikimedia.org/wikipedia/commons/thumb/f/f0/Ino_Casablanca_en_concert_%282026%29.jpg/1280px-Ino_Casablanca_en_concert_%282026%29.jpg	Ino Casablanca — concert Stereolux 2026	LISONJES — Wikimedia Commons (File:Ino Casablanca en concert (2026).jpg)	CC0	p0_artistes_photos.tsv
artiste	A0039	https://upload.wikimedia.org/wikipedia/commons/thumb/e/eb/Franglish_Venoge_Festival_2025.jpg/1280px-Franglish_Venoge_Festival_2025.jpg	Franglish — chanteur de RnB, danseur et rappeur français	Apocam — Wikimedia Commons (File:Franglish Venoge Festival 2025.jpg)	CC BY-SA 4.0	p0_artistes_photos.tsv
artiste	A0040	https://upload.wikimedia.org/wikipedia/commons/thumb/3/3c/Na%C3%AFka_at_the_2026_Cannes_Film_Festival-65074.jpg/1280px-Na%C3%AFka_at_the_2026_Cannes_Film_Festival-65074.jpg	Naïka — chanteuse	Harald Krichel — Wikimedia Commons (File:Naïka at the 2026 Cannes Film Festival-65074.jpg)	CC0	p0_artistes_photos.tsv
artiste	A0043	https://upload.wikimedia.org/wikipedia/commons/thumb/e/e9/DISIZ.jpg/1280px-DISIZ.jpg	Disiz — rappeur, chanteur et acteur français	Real_Jayci — Wikimedia Commons (File:DISIZ.jpg)	CC BY-SA 4.0	p0_artistes_photos.tsv
artiste	A0046	https://upload.wikimedia.org/wikipedia/commons/thumb/9/99/P2N2022Macklemore_1.jpg/1280px-P2N2022Macklemore_1.jpg	Macklemore — rappeur américain	Selbymay — Wikimedia Commons (File:P2N2022Macklemore 1.jpg)	CC BY-SA 4.0	p0_artistes_photos.tsv
artiste	A0048	https://upload.wikimedia.org/wikipedia/commons/thumb/d/d1/Mosimann_%C3%A0_Estival_Open_Air.png/1280px-Mosimann_%C3%A0_Estival_Open_Air.png	Mosimann — DJ (Quentin Mosimann)	Samuel Bouverat — Wikimedia Commons (File:Mosimann à Estival Open Air.png)	Public domain	p0_artistes_photos.tsv
artiste	A0049	https://upload.wikimedia.org/wikipedia/commons/thumb/5/58/2016_Open_Beatz_-_Lost_Frequencies_-_by_2eight_-DSC_5232.jpg/1280px-2016_Open_Beatz_-_Lost_Frequencies_-_by_2eight_-DSC_5232.jpg	Lost Frequencies — DJ et producteur belge	Stefan Brending (2eight) — Wikimedia Commons (File:2016 Open Beatz - Lost Frequencies - by 2eight -DSC 5232.jpg)	CC BY-SA 3.0	p0_artistes_photos.tsv
artiste	A0054	https://upload.wikimedia.org/wikipedia/commons/thumb/c/c3/Vladimir_Cauchemar%2C_lors_du_ZEVENT_2025.jpg/1280px-Vladimir_Cauchemar%2C_lors_du_ZEVENT_2025.jpg	Vladimir Cauchemar — disc jockey et producteur français	Mickaël Schauli — Wikimedia Commons (File:Vladimir Cauchemar, lors du ZEVENT 2025.jpg)	CC BY-SA 4.0	p0_artistes_photos.tsv
artiste	A0063	https://upload.wikimedia.org/wikipedia/commons/7/73/ElGrandeToto2-683x1024.jpg	ElGrandeToto — rappeur marocain	toto — Wikimedia Commons (File:ElGrandeToto2-683x1024.jpg)	CC BY-SA 4.0	p0_artistes_photos.tsv
artiste	A0078	https://upload.wikimedia.org/wikipedia/commons/thumb/b/b1/Aya_Nakamura_IMG_4756_%28cropped%29.jpg/1280px-Aya_Nakamura_IMG_4756_%28cropped%29.jpg	Aya Nakamura — chanteuse franco-malienne	Mathis.aclr — Wikimedia Commons (File:Aya Nakamura IMG 4756 (cropped).jpg)	CC0	p0_artistes_photos.tsv
artiste	A0080	https://upload.wikimedia.org/wikipedia/commons/8/8f/Kungs_in_interview_with_Dance_FM.png	Kungs — DJ et producteur français	Dance FM — Wikimedia Commons (File:Kungs in interview with Dance FM.png)	CC BY 3.0	p0_artistes_photos.tsv
artiste	A0082	https://upload.wikimedia.org/wikipedia/commons/thumb/a/ab/Pendulum_Live_Electric_2007.jpg/1280px-Pendulum_Live_Electric_2007.jpg	Pendulum — groupe australien de drum and bass	wonker — Wikimedia Commons (File:Pendulum Live Electric 2007.jpg)	CC BY-SA 2.0	p0_artistes_photos.tsv
artiste	A0083	https://upload.wikimedia.org/wikipedia/commons/thumb/d/dc/Camo_%26_Krooked_-_white_background.jpg/1280px-Camo_%26_Krooked_-_white_background.jpg	Camo & Krooked — duo autrichien de drum and bass	Uafmusic VIE — Wikimedia Commons (File:Camo & Krooked - white background.jpg)	CC BY-SA 4.0	p0_artistes_photos.tsv
artiste	A0087	https://upload.wikimedia.org/wikipedia/commons/thumb/b/be/Zomboy_by_Alex_Evans.jpg/1280px-Zomboy_by_Alex_Evans.jpg	Zomboy — DJ et producteur britannique	Alex Evans / Jamesradio — Wikimedia Commons (File:Zomboy by Alex Evans.jpg)	CC BY-SA 4.0	p0_artistes_photos.tsv
artiste	A0103	https://upload.wikimedia.org/wikipedia/commons/thumb/c/c7/GRANDm%C3%A9dine.jpg/1280px-GRANDm%C3%A9dine.jpg	Médine — rappeur français	ThoMind — Wikimedia Commons (File:GRANDmédine.jpg)	CC BY-SA 4.0	p0_artistes_photos.tsv
artiste	A0112	https://upload.wikimedia.org/wikipedia/commons/thumb/1/1a/Zaho_-.jpg/1280px-Zaho_-.jpg	Zaho — auteure-compositrice-interprète algéro-canadienne	AdKD2 — Wikimedia Commons (File:Zaho -.jpg)	CC0	p0_artistes_photos.tsv
artiste	A0115	https://upload.wikimedia.org/wikipedia/commons/thumb/3/30/NDLE2023Josman_1.jpg/1280px-NDLE2023Josman_1.jpg	Josman — rappeur et producteur français	Selbymay — Wikimedia Commons (File:NDLE2023Josman 1.jpg)	CC BY-SA 4.0	p0_artistes_photos.tsv
artiste	A0117	https://upload.wikimedia.org/wikipedia/commons/thumb/e/ed/DJS-Presskit05.jpg/1280px-DJS-Presskit05.jpg	DJ Snake — producteur de disques français	Arno Partissimo — Wikimedia Commons (File:DJS-Presskit05.jpg)	CC BY-SA 4.0	p0_artistes_photos.tsv
artiste	A0120	https://lemetronum.fr/wp-content/uploads/2026/07/DSC01423_FINAL-1-scaled.jpg	Juliette Magnevasoa	Le Metronum (lemetronum.fr)	Droits réservés — usage éditorial source lieu	p0_artistes_photos.tsv
artiste	A0126	https://upload.wikimedia.org/wikipedia/commons/thumb/0/03/BOS-_Perianes12.jpg/1280px-BOS-_Perianes12.jpg	Javier Perianes — pianiste classique espagnol	Quincena Musical — Wikimedia Commons (File:BOS- Perianes12.jpg)	CC BY 2.0	p0_artistes_photos.tsv
artiste	A0141	https://upload.wikimedia.org/wikipedia/commons/thumb/7/74/Pierre-Laurent_Aimard_2014-09_B.jpg/1280px-Pierre-Laurent_Aimard_2014-09_B.jpg	Pierre-Laurent Aimard — pianiste français	A.Savin — Wikimedia Commons (File:Pierre-Laurent Aimard 2014-09 B.jpg)	CC BY-SA 3.0	p0_artistes_photos.tsv
artiste	A0149	https://upload.wikimedia.org/wikipedia/commons/thumb/d/d9/Hellfest2019TheYoungGods_08.jpg/1280px-Hellfest2019TheYoungGods_08.jpg	The Young Gods — groupe suisse	Selbymay — Wikimedia Commons (File:Hellfest2019TheYoungGods 08.jpg)	CC BY-SA 4.0	p0_artistes_photos.tsv
artiste	A0161	https://upload.wikimedia.org/wikipedia/commons/thumb/4/44/Labess_-_Burg_Herzberg_Festival_2024_02.jpg/1280px-Labess_-_Burg_Herzberg_Festival_2024_02.jpg	Labess — groupe	Frank Schwichtenberg — Wikimedia Commons (File:Labess - Burg Herzberg Festival 2024 02.jpg)	CC BY-SA 4.0	p0_artistes_photos.tsv
artiste	A0169	https://upload.wikimedia.org/wikipedia/commons/thumb/9/93/Zin%C3%A9e%2C_Francofolies_2022.jpg/1280px-Zin%C3%A9e%2C_Francofolies_2022.jpg	Zinée — rappeuse	Benjamin Stephan — Wikimedia Commons (File:Zinée, Francofolies 2022.jpg)	CC BY-SA 4.0	p0_artistes_photos.tsv
artiste	A0175	https://upload.wikimedia.org/wikipedia/commons/thumb/2/2f/Lee_Burridge.jpg/1280px-Lee_Burridge.jpg	Lee Burridge — DJ britannique	Peter Drier — Wikimedia Commons (File:Lee Burridge.jpg)	CC BY 2.0	p0_artistes_photos.tsv
artiste	A0183	https://upload.wikimedia.org/wikipedia/commons/thumb/1/14/Xandria_Hellraiser_Leipzig_2022_39.jpg/1280px-Xandria_Hellraiser_Leipzig_2022_39.jpg	Xandria — groupe allemand de metal symphonique	Stefan Bollmann — Wikimedia Commons (File:Xandria Hellraiser Leipzig 2022 39.jpg)	Attribution (Wikimedia Commons)	p0_artistes_photos.tsv
artiste	A0190	https://upload.wikimedia.org/wikipedia/commons/thumb/4/48/Talisco_01973.JPG/1280px-Talisco_01973.JPG	Talisco — chanteur français	G.Garitan — Wikimedia Commons (File:Talisco 01973.JPG)	CC BY-SA 3.0	p0_artistes_photos.tsv
artiste	A0191	https://upload.wikimedia.org/wikipedia/commons/thumb/6/64/Primal_Fear_Rockharz_2025_22.jpg/1280px-Primal_Fear_Rockharz_2025_22.jpg	Primal Fear — groupe allemand de power metal	Stefan Bollmann — Wikimedia Commons (File:Primal Fear Rockharz 2025 22.jpg)	Attribution (Wikimedia Commons)	p0_artistes_photos.tsv
artiste	A0207	https://upload.wikimedia.org/wikipedia/commons/thumb/8/8c/Boris_in_St_Petersburg2.jpg/1280px-Boris_in_St_Petersburg2.jpg	Boris — groupe de rock japonais	deepskyobject — Wikimedia Commons (File:Boris in St Petersburg2.jpg)	CC BY-SA 2.0	p0_artistes_photos.tsv
artiste	A0222	https://upload.wikimedia.org/wikipedia/commons/c/cf/Zebda_Laon_05675.JPG	Magyd Cherfi — chanteur, écrivain et acteur franco-algérien	G.Garitan — Wikimedia Commons (File:Zebda Laon 05675.JPG)	CC BY-SA 4.0	p0_artistes_photos.tsv
artiste	A0223	https://upload.wikimedia.org/wikipedia/commons/thumb/f/ff/Stanislas_au_t%C3%A9l%C3%A9vie_2013.jpg/1280px-Stanislas_au_t%C3%A9l%C3%A9vie_2013.jpg	Stanislas — chanteur français	Michaël Bemelmans — Wikimedia Commons (File:Stanislas au télévie 2013.jpg)	CC BY-SA 4.0	p0_artistes_photos.tsv
artiste	A0224	https://jupiterandokwess.fr/wp-content/uploads/2022/09/fond2.jpg	Jupiter & Okwess	Jupiter & Okwess (jupiterandokwess.fr)	Droits réservés — usage éditorial source officielle	p0_artistes_photos.tsv
artiste	A0236	https://upload.wikimedia.org/wikipedia/commons/thumb/7/76/Tribulation_Rockharz_2023_10.jpg/1280px-Tribulation_Rockharz_2023_10.jpg	Tribulation — groupe suédois de metal	Stefan Bollmann — Wikimedia Commons (File:Tribulation Rockharz 2023 10.jpg)	Attribution (Wikimedia Commons)	p0_artistes_photos.tsv
artiste	A0237	https://upload.wikimedia.org/wikipedia/commons/thumb/1/17/Soen_in_Oslo_2026_-02.jpg/1280px-Soen_in_Oslo_2026_-02.jpg	Soen — groupe suédois de metal progressif	Birgit Fostervold — Wikimedia Commons (File:Soen in Oslo 2026 -02.jpg)	CC BY-SA 4.0	p0_artistes_photos.tsv
artiste	A0244	https://upload.wikimedia.org/wikipedia/commons/thumb/d/d8/Seth_Gueko%2C_Street_Impact.jpg/1280px-Seth_Gueko%2C_Street_Impact.jpg	Seth Gueko — rappeur français	Alexandre — Wikimedia Commons (File:Seth Gueko, Street Impact.jpg)	CC BY-SA 2.0	p0_artistes_photos.tsv
artiste	A0246	https://upload.wikimedia.org/wikipedia/commons/thumb/a/ae/The_Black_Dahlia_Murder_-_Reload_Festival_2024_13.jpg/1280px-The_Black_Dahlia_Murder_-_Reload_Festival_2024_13.jpg	The Black Dahlia Murder — groupe américain de death metal	Frank Schwichtenberg — Wikimedia Commons (File:The Black Dahlia Murder - Reload Festival 2024 13.jpg)	CC BY-SA 4.0	p0_artistes_photos.tsv
artiste	A0247	https://upload.wikimedia.org/wikipedia/commons/thumb/a/a1/Hellfest2019Pestilence_01.jpg/1280px-Hellfest2019Pestilence_01.jpg	Pestilence — groupe néerlandais de death metal	Selbymay — Wikimedia Commons (File:Hellfest2019Pestilence 01.jpg)	CC BY-SA 4.0	p0_artistes_photos.tsv
artiste	A0251	https://upload.wikimedia.org/wikipedia/commons/thumb/e/e0/Obscura_Party.San_Metal_Open_Air_2024_21.jpg/1280px-Obscura_Party.San_Metal_Open_Air_2024_21.jpg	Obscura — groupe allemand de technical death metal	Stefan Bollmann — Wikimedia Commons (File:Obscura Party.San Metal Open Air 2024 21.jpg)	Attribution (Wikimedia Commons)	p0_artistes_photos.tsv
