artiste_id|url_photo|alt|credit|licence
A0078|https://upload.wikimedia.org/wikipedia/commons/b/b1/Aya_Nakamura_IMG_4756_%28cropped%29.jpg|Aya Nakamura|Mathis.aclr / Wikimedia Commons|CC0 1.0
A0117|https://upload.wikimedia.org/wikipedia/commons/e/ed/DJS-Presskit05.jpg|DJ Snake|Arno Partissimo / Wikimedia Commons|CC BY-SA 4.0
A0046|https://upload.wikimedia.org/wikipedia/commons/9/99/P2N2022Macklemore_1.jpg|Macklemore|Selbymay / Wikimedia Commons|CC BY-SA 4.0
A0049|https://upload.wikimedia.org/wikipedia/commons/5/58/2016_Open_Beatz_-_Lost_Frequencies_-_by_2eight_-DSC_5232.jpg|Lost Frequencies|Stefan Brending ( 2eight ) / Wikimedia Commons|CC BY-SA 3.0
A0103|https://upload.wikimedia.org/wikipedia/commons/c/c7/GRANDm%C3%A9dine.jpg|Médine|ThoMind / Wikimedia Commons|CC BY-SA 4.0
A0043|https://upload.wikimedia.org/wikipedia/commons/e/e9/DISIZ.jpg|Disiz|Real_Jayci / Wikimedia Commons|CC BY-SA 4.0
A0080|https://upload.wikimedia.org/wikipedia/commons/8/8f/Kungs_in_interview_with_Dance_FM.png|Kungs|Dance FM / Wikimedia Commons|CC BY 3.0
A0082|https://upload.wikimedia.org/wikipedia/commons/a/ab/Pendulum_Live_Electric_2007.jpg|Pendulum|wonker from London, United Kingdom / Wikimedia Commons|CC BY-SA 2.0
A0022|https://upload.wikimedia.org/wikipedia/commons/b/b2/JDP25_Ben_l%27Oncle_Soul.jpg|Ben l'Oncle Soul|MFonzatti / Wikimedia Commons|CC BY-SA 4.0
A0039|https://upload.wikimedia.org/wikipedia/commons/e/eb/Franglish_Venoge_Festival_2025.jpg|Franglish|Apocam / Wikimedia Commons|CC BY-SA 4.0
A0031|https://upload.wikimedia.org/wikipedia/commons/e/eb/Festival_des_Vieilles_Charrues_2022_-_Lujipeka_-_015.jpg|Lujipeka|Fab_Photo_29 / Wikimedia Commons|CC BY-SA 2.0
A0115|https://upload.wikimedia.org/wikipedia/commons/3/30/NDLE2023Josman_1.jpg|Josman|Selbymay / Wikimedia Commons|CC BY-SA 4.0
A0063|https://upload.wikimedia.org/wikipedia/commons/7/73/ElGrandeToto2-683x1024.jpg|ElGrandeToto|toto / Wikimedia Commons|CC BY-SA 4.0
A0126|https://upload.wikimedia.org/wikipedia/commons/0/03/BOS-_Perianes12.jpg|Javier Perianes|Quincena Musical / Wikimedia Commons|CC BY 2.0
A0141|https://upload.wikimedia.org/wikipedia/commons/7/74/Pierre-Laurent_Aimard_2014-09_B.jpg|Pierre-Laurent Aimard|A.Savin / Wikimedia Commons|CC BY-SA 3.0
A0149|https://upload.wikimedia.org/wikipedia/commons/d/d9/Hellfest2019TheYoungGods_08.jpg|The Young Gods|Selbymay / Wikimedia Commons|CC BY-SA 4.0
A0008|https://upload.wikimedia.org/wikipedia/commons/8/8d/Montreuil_-_Salon_du_livre_jeunesse_2011_-_Anne_Roumanoff_-_001.jpg|Anne Roumanoff|Thesupermat / Wikimedia Commons|CC BY-SA 3.0
A0018|https://upload.wikimedia.org/wikipedia/commons/a/a9/Fabien_Olicard_en_2023.png|Fabien Olicard|VL. / Wikimedia Commons|CC BY 3.0
A0024|https://upload.wikimedia.org/wikipedia/commons/a/a4/Bakermat_image.jpg|Bakermat|ZelTroy / Wikimedia Commons|CC BY-SA 4.0
A0040|https://upload.wikimedia.org/wikipedia/commons/3/3c/Na%C3%AFka_at_the_2026_Cannes_Film_Festival-65074.jpg|Naïka|Harald Krichel / Wikimedia Commons|CC0 1.0
A0048|https://upload.wikimedia.org/wikipedia/commons/d/d1/Mosimann_%C3%A0_Estival_Open_Air.png|Mosimann|Samuel Bouverat / Wikimedia Commons|Domaine public
A0054|https://upload.wikimedia.org/wikipedia/commons/c/c3/Vladimir_Cauchemar%2C_lors_du_ZEVENT_2025.jpg|Vladimir Cauchemar|Mickaël Schauli / Wikimedia Commons|CC BY-SA 4.0
A0069|https://upload.wikimedia.org/wikipedia/commons/2/2d/Bekar_en_concert.png|Bekar|Mateo Bidaud / Wikimedia Commons|CC BY-SA 4.0
A0083|https://upload.wikimedia.org/wikipedia/commons/d/dc/Camo_%26_Krooked_-_white_background.jpg|Camo & Krooked|Uafmusic VIE / Wikimedia Commons|CC BY-SA 4.0
A0087|https://upload.wikimedia.org/wikipedia/commons/b/be/Zomboy_by_Alex_Evans.jpg|Zomboy|Jamesradio / Wikimedia Commons|CC BY-SA 4.0
A0100|https://upload.wikimedia.org/wikipedia/commons/8/84/Iliona_Francos_2022.jpg|Iliona|EddyLlrg / Wikimedia Commons|CC BY-SA 4.0
A0110|https://upload.wikimedia.org/wikipedia/commons/2/2e/DanylMonthey.jpg|Danyl|J24N / Wikimedia Commons|CC BY-SA 4.0
A0114|https://upload.wikimedia.org/wikipedia/commons/f/f8/St_Graal.jpg|St Graal|Insecureslayeuse / Wikimedia Commons|CC0 1.0
A0120|https://lemetronum.fr/wp-content/uploads/2026/07/DSC01423_FINAL-1-scaled.jpg|Juliette Magnevasoa|Le Metronum (lemetronum.fr)|Droits réservés — usage éditorial source lieu
A0161|https://upload.wikimedia.org/wikipedia/commons/4/44/Labess_-_Burg_Herzberg_Festival_2024_02.jpg|Labess|Frank Schwichtenberg / Wikimedia Commons|CC BY-SA 4.0
A0167|https://upload.wikimedia.org/wikipedia/commons/8/8b/Infest_2019_Bands_Light_Asylum_%2848611883687%29.jpg|Light Asylum|adam w from London, UK / Wikimedia Commons|CC BY 2.0
A0169|https://upload.wikimedia.org/wikipedia/commons/9/93/Zin%C3%A9e%2C_Francofolies_2022.jpg|Zinée|Benjamin Stephan / Wikimedia Commons|CC BY-SA 4.0
A0175|https://upload.wikimedia.org/wikipedia/commons/2/2f/Lee_Burridge.jpg|LEE BURRIDGE|Peter Drier / Wikimedia Commons|CC BY 2.0
A0183|https://upload.wikimedia.org/wikipedia/commons/1/14/Xandria_Hellraiser_Leipzig_2022_39.jpg|Xandria|S. Bollmann / Wikimedia Commons|CC BY (Wikimedia Commons — Attribution)
A0189|https://upload.wikimedia.org/wikipedia/commons/c/c2/DSC0273-2_%281%29.jpg|DJ Pone|Landry A. (mydogispolite.com, IG @landry__a) / Wikimedia Commons|CC BY-SA 4.0
A0190|https://upload.wikimedia.org/wikipedia/commons/4/48/Talisco_01973.JPG|Talisco|G.Garitan / Wikimedia Commons|CC BY-SA 3.0
A0191|https://upload.wikimedia.org/wikipedia/commons/6/64/Primal_Fear_Rockharz_2025_22.jpg|Primal Fear|S. Bollmann / Wikimedia Commons|CC BY (Wikimedia Commons — Attribution)
A0193|https://upload.wikimedia.org/wikipedia/commons/c/c7/Hypno5e_%40_Euroblast_2015_06.jpg|HYPNO5E|Grywnn / Wikimedia Commons|CC BY-SA 4.0
A0206|https://upload.wikimedia.org/wikipedia/commons/7/72/Mis%C3%BEyrming_Party.San_Metal_Open_Air_2017_12.jpg|Mispyrming|S. Bollmann / Wikimedia Commons|CC BY-SA 4.0
A0207|https://upload.wikimedia.org/wikipedia/commons/8/8c/Boris_in_St_Petersburg2.jpg|Boris|deepskyobject / Wikimedia Commons|CC BY-SA 2.0
A0216|https://upload.wikimedia.org/wikipedia/commons/c/ce/The_Browning_-_3-11-26_-_The_Regency_Live.jpg|The Browning|Shearwater Visuals / Wikimedia Commons|CC BY 4.0
A0221|https://upload.wikimedia.org/wikipedia/commons/4/40/The_Vintage_Caravan_%E2%80%93_Wacken_Open_Air_2014_01.jpg|The Vintage Caravan|P. Schwichtenberg / Wikimedia Commons|CC BY-SA 3.0
A0222|https://upload.wikimedia.org/wikipedia/commons/c/cf/Zebda_Laon_05675.JPG|Magyd Cherfi|G.Garitan / Wikimedia Commons|CC BY-SA 4.0
A0223|https://upload.wikimedia.org/wikipedia/commons/f/ff/Stanislas_au_t%C3%A9l%C3%A9vie_2013.jpg|Stanislas|Michaël Bemelmans / Wikimedia Commons|CC BY-SA 4.0
A0224|https://jupiterandokwess.fr/wp-content/uploads/2022/12/Jupiter-Okwess-@Marcelo-Quinones-22-3-scaled.jpg|Jupiter & Okwess|Marcelo Quinones / Jupiter & Okwess (jupiterandokwess.fr)|Droits réservés — usage éditorial source officielle
A0228|https://upload.wikimedia.org/wikipedia/commons/4/4c/Colours_in_the_Street_-_La_Cigale.jpg|Colours in the Street|Margauria / Wikimedia Commons|CC0 1.0
A0229|https://upload.wikimedia.org/wikipedia/commons/4/43/Florent_Marchet_-_F%C3%AAte_de_l%27Humanit%C3%A9_2014_-_043.jpg|Florent Marchet|Thesupermat / Wikimedia Commons|CC BY-SA 3.0
A0231|https://upload.wikimedia.org/wikipedia/commons/6/68/Imperial_Triumphant_Live.jpg|Imperial Triumphant|VoidCurator / Wikimedia Commons|CC BY-SA 4.0
A0236|https://upload.wikimedia.org/wikipedia/commons/7/76/Tribulation_Rockharz_2023_10.jpg|Tribulation|S. Bollmann / Wikimedia Commons|CC BY (Wikimedia Commons — Attribution)
A0237|https://upload.wikimedia.org/wikipedia/commons/1/17/Soen_in_Oslo_2026_-02.jpg|Soen|Birgit Fostervold / Wikimedia Commons|CC BY-SA 4.0
A0244|https://upload.wikimedia.org/wikipedia/commons/d/d8/Seth_Gueko%2C_Street_Impact.jpg|Seth Gueko|Alexandre / Wikimedia Commons|CC BY-SA 2.0
A0247|https://upload.wikimedia.org/wikipedia/commons/a/a1/Hellfest2019Pestilence_01.jpg|Pestilence|Selbymay / Wikimedia Commons|CC BY-SA 4.0
A0251|https://upload.wikimedia.org/wikipedia/commons/e/e0/Obscura_Party.San_Metal_Open_Air_2024_21.jpg|Obscura|S. Bollmann / Wikimedia Commons|CC BY (Wikimedia Commons — Attribution)
