target_type	target_id	image_url	alt	credit	licence	source_tsv
event	E644	https://files.offi.fr/programmation/3222407/images/1000/0f0347d7852366b3ff47ad2fb2314e90.jpg	Chers parents — affiche	Offi.fr / programmation (files.offi.fr)	Droits réservés — usage éditorial affiche spectacle	chers_parents_e644_fix_2026-09-28.tsv
programme	P1847	https://files.offi.fr/programmation/3222407/images/1000/0f0347d7852366b3ff47ad2fb2314e90.jpg	Chers parents — affiche	Offi.fr / programmation (files.offi.fr)	Droits réservés — usage éditorial affiche spectacle	chers_parents_e644_fix_2026-09-28.tsv
programme	P1848	https://files.offi.fr/programmation/3222407/images/1000/0f0347d7852366b3ff47ad2fb2314e90.jpg	Chers parents — affiche	Offi.fr / programmation (files.offi.fr)	Droits réservés — usage éditorial affiche spectacle	chers_parents_e644_fix_2026-09-28.tsv
programme	P1849	https://files.offi.fr/programmation/3222407/images/1000/0f0347d7852366b3ff47ad2fb2314e90.jpg	Chers parents — affiche	Offi.fr / programmation (files.offi.fr)	Droits réservés — usage éditorial affiche spectacle	chers_parents_e644_fix_2026-09-28.tsv
programme	P9079	https://files.offi.fr/programmation/3222407/images/1000/0f0347d7852366b3ff47ad2fb2314e90.jpg	Chers parents — affiche	Offi.fr / programmation (files.offi.fr)	Droits réservés — usage éditorial affiche spectacle	chers_parents_e644_fix_2026-09-28.tsv
programme	P9080	https://files.offi.fr/programmation/3222407/images/1000/0f0347d7852366b3ff47ad2fb2314e90.jpg	Chers parents — affiche	Offi.fr / programmation (files.offi.fr)	Droits réservés — usage éditorial affiche spectacle	chers_parents_e644_fix_2026-09-28.tsv
programme	P9081	https://files.offi.fr/programmation/3222407/images/1000/0f0347d7852366b3ff47ad2fb2314e90.jpg	Chers parents — affiche	Offi.fr / programmation (files.offi.fr)	Droits réservés — usage éditorial affiche spectacle	chers_parents_e644_fix_2026-09-28.tsv
programme	P9082	https://files.offi.fr/programmation/3222407/images/1000/0f0347d7852366b3ff47ad2fb2314e90.jpg	Chers parents — affiche	Offi.fr / programmation (files.offi.fr)	Droits réservés — usage éditorial affiche spectacle	chers_parents_e644_fix_2026-09-28.tsv
programme	P9083	https://files.offi.fr/programmation/3222407/images/1000/0f0347d7852366b3ff47ad2fb2314e90.jpg	Chers parents — affiche	Offi.fr / programmation (files.offi.fr)	Droits réservés — usage éditorial affiche spectacle	chers_parents_e644_fix_2026-09-28.tsv
programme	P9084	https://files.offi.fr/programmation/3222407/images/1000/0f0347d7852366b3ff47ad2fb2314e90.jpg	Chers parents — affiche	Offi.fr / programmation (files.offi.fr)	Droits réservés — usage éditorial affiche spectacle	chers_parents_e644_fix_2026-09-28.tsv
programme	P9085	https://files.offi.fr/programmation/3222407/images/1000/0f0347d7852366b3ff47ad2fb2314e90.jpg	Chers parents — affiche	Offi.fr / programmation (files.offi.fr)	Droits réservés — usage éditorial affiche spectacle	chers_parents_e644_fix_2026-09-28.tsv
programme	P9086	https://files.offi.fr/programmation/3222407/images/1000/0f0347d7852366b3ff47ad2fb2314e90.jpg	Chers parents — affiche	Offi.fr / programmation (files.offi.fr)	Droits réservés — usage éditorial affiche spectacle	chers_parents_e644_fix_2026-09-28.tsv
programme	P9087	https://files.offi.fr/programmation/3222407/images/1000/0f0347d7852366b3ff47ad2fb2314e90.jpg	Chers parents — affiche	Offi.fr / programmation (files.offi.fr)	Droits réservés — usage éditorial affiche spectacle	chers_parents_e644_fix_2026-09-28.tsv
programme	P9088	https://files.offi.fr/programmation/3222407/images/1000/0f0347d7852366b3ff47ad2fb2314e90.jpg	Chers parents — affiche	Offi.fr / programmation (files.offi.fr)	Droits réservés — usage éditorial affiche spectacle	chers_parents_e644_fix_2026-09-28.tsv
programme	P9089	https://files.offi.fr/programmation/3222407/images/1000/0f0347d7852366b3ff47ad2fb2314e90.jpg	Chers parents — affiche	Offi.fr / programmation (files.offi.fr)	Droits réservés — usage éditorial affiche spectacle	chers_parents_e644_fix_2026-09-28.tsv
programme	P9090	https://files.offi.fr/programmation/3222407/images/1000/0f0347d7852366b3ff47ad2fb2314e90.jpg	Chers parents — affiche	Offi.fr / programmation (files.offi.fr)	Droits réservés — usage éditorial affiche spectacle	chers_parents_e644_fix_2026-09-28.tsv
programme	P9091	https://files.offi.fr/programmation/3222407/images/1000/0f0347d7852366b3ff47ad2fb2314e90.jpg	Chers parents — affiche	Offi.fr / programmation (files.offi.fr)	Droits réservés — usage éditorial affiche spectacle	chers_parents_e644_fix_2026-09-28.tsv
programme	P9092	https://files.offi.fr/programmation/3222407/images/1000/0f0347d7852366b3ff47ad2fb2314e90.jpg	Chers parents — affiche	Offi.fr / programmation (files.offi.fr)	Droits réservés — usage éditorial affiche spectacle	chers_parents_e644_fix_2026-09-28.tsv
programme	P9093	https://files.offi.fr/programmation/3222407/images/1000/0f0347d7852366b3ff47ad2fb2314e90.jpg	Chers parents — affiche	Offi.fr / programmation (files.offi.fr)	Droits réservés — usage éditorial affiche spectacle	chers_parents_e644_fix_2026-09-28.tsv
