lieu_id,nom,label_affiche,type,adresse,commune,dist_km_capitole,site_web,url_programmation,notes
L001,Centre culturel Bellegarde,Toulouse — Centre culturel Bellegarde,centre_culturel,,Toulouse,0.8,https://metropole.toulouse.fr/annuaire/centre-culturel-bellegarde,https://centresculturels.toulouse.fr/list/events,rien trouvé période 24/08–23/09/2026 (scan site / agenda) | url_programmation manquante
L002,Centre culturel Saint-Cyprien,Toulouse — Centre culturel Saint-Cyprien,centre_culturel,,Toulouse,1.5,https://metropole.toulouse.fr/annuaire/centre-culturel-saint-cyprien,https://centresculturels.toulouse.fr/list/events,rien trouvé période 24/08–23/09/2026 (scan site / agenda) | url_programmation manquante
L003,Centre culturel Bonnefoy,Toulouse — Centre culturel Bonnefoy,centre_culturel,,Toulouse,2,https://metropole.toulouse.fr/annuaire/centre-culturel-bonnefoy,https://centresculturels.toulouse.fr/list/events,rien trouvé période 24/08–23/09/2026 (scan site / agenda) | url_programmation manquante
L004,Centre culturel Théâtre des Mazades,Toulouse — Centre culturel Théâtre des Mazades,centre_culturel,,Toulouse,2.5,https://metropole.toulouse.fr/annuaire/centre-culturel-theatre-des-mazades,https://centresculturels.toulouse.fr/list/events,scrape 24/08/2026: vide (pas de spectacle daté trouvé) | 0 pièces / 0 rép. |  | https://metropole.toulouse.fr/annuaire/centre-culturel-theatre-des-mazades | url_programmation manquante
L005,Centre culturel Espace JOB,Toulouse — Centre culturel Espace JOB,centre_culturel,,Toulouse,3,https://metropole.toulouse.fr/annuaire/centre-culturel-espace-job,https://centresculturels.toulouse.fr/list/events,rien trouvé période 24/08–23/09/2026 (scan site / agenda) | url_programmation manquante
L006,Centre culturel La Brique Rouge,Toulouse — Centre culturel La Brique Rouge,centre_culturel,,Toulouse,3,https://metropole.toulouse.fr/annuaire/centre-culturel-la-brique-rouge,https://centresculturels.toulouse.fr/list/events,rien trouvé période 24/08–23/09/2026 (scan site / agenda) | url_programmation manquante
L007,Centre culturel Henri-Desbals,Toulouse — Centre culturel Henri-Desbals,centre_culturel,,Toulouse,4,https://metropole.toulouse.fr/annuaire/centre-culturel-henri-desbals,https://centresculturels.toulouse.fr/list/events,rien trouvé période 24/08–23/09/2026 (scan site / agenda) | url_programmation manquante
L008,Centre culturel Renan,Toulouse — Centre culturel Renan,centre_culturel,,Toulouse,4,https://metropole.toulouse.fr/annuaire/centre-culturel-renan,https://centresculturels.toulouse.fr/list/events,rien trouvé période 24/08–23/09/2026 (scan site / agenda) | url_programmation manquante
L009,Centre culturel Soupetard,Toulouse — Centre culturel Soupetard,centre_culturel,,Toulouse,4,https://metropole.toulouse.fr/annuaire/centre-culturel-soupetard,https://centresculturels.toulouse.fr/list/events,rien trouvé période 24/08–23/09/2026 (scan site / agenda) | url_programmation manquante
L010,Centre culturel Alban-Minville,Toulouse — Centre culturel Alban-Minville,centre_culturel,,Toulouse,6,https://metropole.toulouse.fr/annuaire/centre-culturel-alban-minville,https://centresculturels.toulouse.fr/list/events,rien trouvé période 24/08–23/09/2026 (scan site / agenda) | url_programmation manquante
L011,Centre culturel Reynerie,Toulouse — Centre culturel Reynerie,centre_culturel,,Toulouse,6,https://metropole.toulouse.fr/annuaire/centre-culturel-reynerie,https://centresculturels.toulouse.fr/list/events,rien trouvé période 24/08–23/09/2026 (scan site / agenda) | url_programmation manquante
L012,Centre culturel Bordeblanche,Toulouse — Centre culturel Bordeblanche,centre_culturel,,Toulouse,7,https://metropole.toulouse.fr/annuaire/centre-culturel-bordeblanche,https://centresculturels.toulouse.fr/list/events,rien trouvé période 24/08–23/09/2026 (scan site / agenda) | url_programmation manquante
L013,Centre culturel Saint-Simon,Toulouse — Centre culturel Saint-Simon,centre_culturel,,Toulouse,8,https://metropole.toulouse.fr/annuaire/centre-culturel-saint-simon,https://centresculturels.toulouse.fr/list/events,rien trouvé période 24/08–23/09/2026 (scan site / agenda) | url_programmation manquante
L020,Espace Roguet,Toulouse — Espace Roguet,mjc,,Toulouse,2,https://www.mjcroguet.fr/,https://culture.haute-garonne.fr/contacts/espace-roguet,rien trouvé période 24/08–23/09/2026 (scan site / agenda) | scrape: pas de spectacle public daté 24/08–23/09 | url_prog culture CD31 2026-08-24
L021,Centre culturel des Minimes,Toulouse — Centre culturel des Minimes,mjc,,Toulouse,2,https://www.centrecultureldesminimes.fr/,https://www.centrecultureldesminimes.fr/page/3997919-activite-2026-2027,rien trouvé période 24/08–23/09/2026 (scan site / agenda) | site down/inaccessible ; url_programmation manquante | scrape: pas de spectacle public daté 24/08–23/09 | url_find 2026-09-01: upgrade (medium) — Site e-monsite UP (plus down). /agenda exige login. Page saison « ACTIVITE 2026 / 2027 » HTTP 200. Pages mensuelles type /page/3948060-septembre-2026 existent mais souvent vides ho
L022,MJC Ponts-Jumeaux,Toulouse — MJC Ponts-Jumeaux,mjc,,Toulouse,2.5,https://mjcpontsjumeaux.fr/,https://mjcpontsjumeaux.fr/agenda/,rien trouvé période 24/08–23/09/2026 (scan site / agenda) | scrape: pas de spectacle public daté 24/08–23/09
L023,FEP Étienne Billières,Toulouse — FEP Étienne Billières,mjc,,Toulouse,3,https://www.fep-etiennebillieres.fr/,https://www.fep-etiennebillieres.fr/,rien trouvé période 24/08–23/09/2026 (scan site / agenda) | site down/inaccessible ; url_programmation manquante | url_programmation impossible: site FEP inaccessible (SSL/502) au 24/08/2026 | scrape: pas de spectacle public daté 24/08–23/09
L024,MJC Empalot,Toulouse — MJC Empalot,mjc,,Toulouse,3,https://mjcempalot.fr/,https://mjcempalot.fr/,rien trouvé période 24/08–23/09/2026 (scan site / agenda) | scrape: pas de spectacle public daté 24/08–23/09
L025,MJC Pont des Demoiselles,Toulouse — MJC Pont des Demoiselles,mjc,,Toulouse,4,https://mjcpontdesdemoiselles.fr/,https://mjcpontdesdemoiselles.fr/,rien trouvé période 24/08–23/09/2026 (scan site / agenda) | scrape: pas de spectacle public daté 24/08–23/09
L026,MJC Croix-Daurade,Toulouse — MJC Croix-Daurade,mjc,,Toulouse,5,http://www.mjccroixdaurade.fr/,https://www.mjccroixdaurade.fr/,rien trouvé période 24/08–23/09/2026 (scan site / agenda) | scrape: pas de spectacle public daté 24/08–23/09
L027,MJC Jacques Prévert,Toulouse — MJC Jacques Prévert,mjc,,Toulouse,5,https://mjcprevert31.net/,https://mjcprevert31.net/,rien trouvé période 24/08–23/09/2026 (scan site / agenda) | url_programmation manquante | scrape: pas de spectacle public daté 24/08–23/09
L028,MJC Ancely,Toulouse — MJC Ancely,mjc,,Toulouse,5,https://www.mjcancely.fr/,https://www.mjcancely.fr/activites/,rien trouvé période 24/08–23/09/2026 (scan site / agenda) | url_programmation manquante | scrape: pas de spectacle public daté 24/08–23/09 | url_find 2026-09-01: upgrade (medium) — HTTPS 200. /activites/ catalogue officiel des ateliers. /agenda et /evenements = 404. Plaquette 2026-2027 PDF sur le site. Pas de page spectacles datés.
L029,Maison de quartier Lalande,Toulouse — Maison de quartier Lalande,maison_quartier,,Toulouse,5,https://metropole.toulouse.fr/annuaire/maison-de-quartier-lalande,https://centresculturels.toulouse.fr/list/events,"rien trouvé période 24/08–23/09/2026 (scan site / agenda) | url_programmation manquante | url_programmation impossible: fiche annuaire métropole seulement, pas de page agenda dédiée | hub centresculturels cookie wall — non scrapable auto"
L030,MJC Balma,Balma — MJC Balma,mjc,,Balma,5,https://www2.mjcbalma.fr/,https://www2.mjcbalma.fr/,rien trouvé période 24/08–23/09/2026 (scan site / agenda) | scrape: pas de spectacle public daté 24/08–23/09
L031,MJC des Arts de Blagnac,Blagnac — MJC des Arts de Blagnac,mjc,,Blagnac,7,https://www.mjc-arts-blagnac.com/,https://www.mjc-arts-blagnac.com/,rien trouvé période 24/08–23/09/2026 (scan site / agenda) | scrape: pas de spectacle public daté 24/08–23/09
L032,Petit Théâtre du Centre,Colomiers — Petit Théâtre du Centre,theatre,,Colomiers,9,http://theatreducentre-colomiers.com/,http://theatreducentre-colomiers.com/programmation-2025-2026/,scraped_empty 24/08/2026 PT — saison 2025-2026 publiée mais aucune date dans 24/08–23/09 (dernier « prochainement » listé = 23/05/2026 ; trou estival). http://theatreducentre-colomiers.com/programmation-2025-2026/
L033,Pavillon blanc Henri-Molina,Colomiers — Pavillon blanc Henri-Molina,centre_culturel,,Colomiers,9,https://www.ville-colomiers.fr/mon-quotidien/culture/les-equipements-culturels/pavillon-blanc-henri-molina,https://www.ville-colomiers.fr/mon-quotidien/culture/les-equipements-culturels/pavillon-blanc-henri-molina,"rien trouvé période 24/08–23/09/2026 (scan site / agenda) | url_programmation manquante | url_programmation impossible: fiche équipement ville Colomiers, pas de page programmation spectacles dédiée"
L034,Salle Jacques-Brel,Castanet-Tolosan — Salle Jacques-Brel,salle,,Castanet-Tolosan,11,https://castanet-tolosan.fr/,https://www.castanet-tolosan.fr/offre-culturelle/saison-culturelle/programmation-culturelle-524.html,rien trouvé période 24/08–23/09/2026 (scan site / agenda) | url_programmation manquante | url_programmation impossible: site castanet-tolosan.fr renvoie HTTP 403 depuis scrape; pas de page agenda spectacles isolée trouvée
L040,Théâtre du Capitole,Toulouse — Théâtre du Capitole,opera_theatre,Place du Capitole,Toulouse,0,https://opera.toulouse.fr/,https://opera.toulouse.fr/saison-2026-2027/,scrape 24/08/2026: OK | 2 pièces / 6 rép. | 2026-09-18 → 2026-10-04 | https://opera.toulouse.fr/ + agenda métropole Rusalka
L041,ThéâtredelaCité (CDN),Toulouse — ThéâtredelaCité (CDN),theatre,,Toulouse,0.5,https://theatre-cite.com/,https://theatre-cite.com/programmation/,scrape 24/08/2026: OK | 4 pièces / 13 rép. | 2026-09-19 → 2026-10-03 | https://theatre-cite.com/programmation/
L042,Cave Poésie René-Gouzenne,Toulouse — Cave Poésie René-Gouzenne,theatre,,Toulouse,0.3,https://www.cave-poesie.com/,https://www.cave-poesie.com/agenda/,scrape 24/08/2026: OK | 3 pièces / 6 rép. | 2026-09-08 → 2026-10-25 | https://www.cave-poesie.com/agenda/
L043,Pavillon Mazar,Toulouse — Pavillon Mazar,theatre,,Toulouse,0.5,https://www.groupemerci.net/,,"scrape 24/08/2026: bloque (DNS inexistant) | 0 pièces / 0 rép. | https://www.groupemerci.net/ | url_programmation impossible: Pavillon Mazar fermé depuis 2021 (éviction Groupe Merci); groupemerci.net DNS mort; groupemerci.com = archive historique, pas d’agenda spectacles | url_find 2026-08-24: impossible (high) — Éviction Groupe Merci mars 2021 (La Dépêche/Actu). groupemerci.net DNS mort; groupemerci.com/agenda = tournée compagnie hors lieu, pas d’agenda Pavillon Mazar. | url_find 2026-09-01: impossible (high) — Confirmé fermé : éviction Groupe Merci mars 2021 ; bâtiment encore vide en 2024 (Mediacités, Actu, La Dépêche). groupemerci.net DNS mort ; groupemerci.com = sit"
L044,Théâtre Sorano,Toulouse — Théâtre Sorano,theatre,,Toulouse,1,https://www.theatre-sorano.fr/,https://www.theatre-sorano.fr/la-saison/,scrape 24/08/2026: OK | 4 pièces / 10 rép. | 2026-09-11 → 2026-10-12 | https://www.theatre-sorano.fr/la-saison/
L045,Théâtre du Grand Rond,Toulouse — Théâtre du Grand Rond,theatre,,Toulouse,1,https://www.grand-rond.org/,https://www.grand-rond.org/programmation/,scrape 24/08/2026: OK (saison 26-27 non publiée; réouverture billetterie 26/08) | 1 pièces / 1 rép. | 2026-08-26 | https://www.grand-rond.org/
L046,Théâtre du Pont Neuf,Toulouse — Théâtre du Pont Neuf,theatre,,Toulouse,1,https://www.theatredupontneuf.fr/,https://www.theatredupontneuf.fr/spectacles26-27/,scrape 24/08/2026: OK | 2 pièces / 6 rép. | 2026-09-10 → 2026-09-25 | https://www.theatredupontneuf.fr/spectacles26-27/
L047,Théâtre Les 3 T,Toulouse — Théâtre Les 3 T,theatre,,Toulouse,1,https://new.3tcafetheatre.com/,https://new.3tcafetheatre.com/programmation/,"scrape 24/08/2026 PT: OK via new.3tcafetheatre.com (www.3tcafetheatre.com = Sucuri 403) | 28 spectacles / 48 rép. sept. 2026 | dates via fiches /spectacle/ (admin-ajax Sucuri 403) | url_find 2026-09-01: upgrade (high) — www.3tcafetheatre.com = Sucuri 307 (pas de suivi). new.3tcafetheatre.com/programmation/ HTTP 200, listing spectacles Toulouse 40 rue Gabriel Péri (saison 2026 visible)."
L048,La Comédie de Toulouse,Toulouse — La Comédie de Toulouse,theatre,,Toulouse,0.8,https://www.lacomediedetoulouse.com/,https://www.lacomediedetoulouse.com/fr/programmation/,scrape 24/08/2026: OK | 73 pièces / 104 rép. | 2026-09-17 → 2027-06-10 | https://www.lacomediedetoulouse.com/fr/programmation/
L049,Théâtre le Fil à Plomb,Toulouse — Théâtre le Fil à Plomb,theatre,,Toulouse,0.8,https://www.theatrelefilaplomb.fr/,https://www.theatrelefilaplomb.fr/programmation/,scrape 24/08/2026: OK | 32 pièces / 79 rép. | 2026-09-14 → 2026-12-31 | https://www.theatrelefilaplomb.fr/programmation/
L050,Théâtre Garonne,Toulouse — Théâtre Garonne,theatre,,Toulouse,1.5,https://www.theatregaronne.com/,https://www.theatregaronne.com/agenda/,scrape 24/08/2026: OK | 8 pièces / 33 rép. | 2026-09-12 → 2026-12-17 | https://www.theatregaronne.com/agenda/
L051,Théâtre le Vent des Signes,Toulouse — Théâtre le Vent des Signes,theatre,,Toulouse,1.5,https://www.leventdessignes.fr/,https://www.leventdessignes.fr/,"scrape 24/08/2026: OK partiel (site down au scrape; cache) | 1 pièces / 1 rép. | 2026-09-21 | https://www.leventdessignes.com/ (cache local vent2.html) | site down/inaccessible ; url_programmation manquante | url_find 2026-09-01: upgrade (high) — .com SSL cassé ; .com redirige vers .fr. Accueil .fr HTTP 200 = calendrier Saison 26/27 (Toulouse, 6 impasse Varsovie), ouverture 21/09/2026. Pas de sous-chemin /agenda."
L052,Théâtre du Chien Blanc,Toulouse — Théâtre du Chien Blanc,theatre,,Toulouse,1.5,https://www.theatreduchienblanc.fr/,https://www.theatreduchienblanc.fr/agenda/,scraped_empty 24/08/2026 PT — agenda OK mais aucune représentation à Toulouse dans 24/08–23/09/2026 (Novecento Toulouse jusqu’au 25/07 ; 14/08 Ardèche ; 20/09 festival Gers). https://www.theatreduchienblanc.fr/agenda/
L053,Café-théâtre Le 57,Toulouse — Café-théâtre Le 57,cafe_theatre,,Toulouse,1.5,https://www.le57toulouse.com/,https://www.le57.com/,scrape 24/08/2026: vide (aucune date unitaire publiée pour la fenêtre) | 0 pièces / 0 rép. |  | https://www.le57toulouse.com/
L054,Café-théâtre Les Minimes,Toulouse — Café-théâtre Les Minimes,cafe_theatre,,Toulouse,2,https://www.lesminimes.com/,,"scrape 24/08/2026: bloque (URL officielle redirige vers lacomedie.ca Montréal ; prog Toulouse non trouvée sur le web) | 0 pièces / 0 rép. | https://www.lesminimes.com/ (REDIRECT Montréal) | url_programmation impossible: lesminimes.com redirige vers lacomedie.ca (Montréal); aucune page prog café-théâtre Toulouse trouvée (BilletReduc = ancienne salle) | url_find 2026-08-24: impossible (high) — lesminimes.com redirige vers Théâtre La Comédie de Montréal (lacomedie.ca). BilletReduc = ancienne salle sans agenda actuel Toulouse. | url_find 2026-09-01: impossible (high) — lesminimes.com redirige vers lacomedie.ca (Théâtre La Comédie, Montréal). Annuaires/BilletReduc citent encore 6 rue Gélibert mais aucune page de programmation T"
L055,Théâtre de Poche,Toulouse — Théâtre de Poche,theatre,,Toulouse,2,https://theatredepochetoulouse.fr/,https://theatredepochetoulouse.fr/la-programmation-2/,scrape 24/08/2026 PT: OK — 11 spectacles / 13 rép. sept. 2026 (9–30/09) | https://theatredepochetoulouse.fr/la-programmation-2/septembre/ | rentrée visible hors fenêtre stricte incluse (24–30/09)
L056,Théâtre du Pavé,Toulouse — Théâtre du Pavé,theatre,,Toulouse,2.5,https://www.theatredupave.org/,https://www.theatredupave.org/saison/,scrape 24/08/2026: OK | 16 pièces / 16 rép. | 2026-09-29 → 2026-12-22 | https://www.theatredupave.org/saison/
L057,Nouveau Théâtre Jules Julien,Toulouse — Nouveau Théâtre Jules Julien,theatre,6 Avenue des Écoles Jules Julien,Toulouse,3,https://www.theatre-sorano.fr/,https://www.theatre-sorano.fr/la-saison/,scrape 24/08/2026: OK (programme festival Rassemblées réinjecté/enrichi) | 1 pièces / 12 rép. | 2026-08-27 → 2026-08-29 | https://www.theatre-sorano.fr/ (via Sorano / festival)
L058,Théâtre 2 l’Acte – Le Ring,Toulouse — Théâtre 2 l’Acte – Le Ring,theatre,,Toulouse,3,https://www.theatre2lacte.com/,https://www.theatre2lacte.com/,"scraped_empty 24/08/2026 PT — site OK mais pas de spectacle public daté ; compagnie en évacuation (conflit Lastiko/Neuf-Neuf, juil. 2026). https://www.theatre2lacte.com/"
L059,Théâtre de la Violette,Toulouse — Théâtre de la Violette,theatre,,Toulouse,4,https://www.theatredelaviolette.com/,https://www.theatredelaviolette.com/,scrape 24/08/2026: OK (réinjecté calendrier scrape antérieur du jour — parse HTML calendrier fragile) | 5 pièces / 52 rép. | 2026-08-26 → 2026-09-23 | https://www.theatredelaviolette.com/ (calendrier)
L060,Le Grenier Théâtre,Toulouse — Le Grenier Théâtre,theatre,,Toulouse,4,https://www.greniertheatre.org/,https://www.greniertheatre.org/,"scrape 24/08/2026 PT: OK — 4 pièces / 10 rép. sept. (Acteur, Demoiselles, Huis Clos, Comme ils Disent) + TOM 2–3/10 hors fenêtre | https://www.greniertheatre.org/les-spectacles/"
L061,Casino Théâtre Barrière,Toulouse — Casino Théâtre Barrière,theatre,,Toulouse,4,https://www.casinosbarriere.com/toulouse,https://www.casinosbarriere.com/fr/toulouse/spectacles.html,scrape 24/08/2026: OK partiel (site casino sans dates scrapables; billetterie 403; dates via JDS) | 2 pièces / 3 rép. | 2026-09-28 → 2026-09-30 | https://www.casinosbarriere.com/toulouse + JDS (billetterie officielle 403) | url_programmation manquante
L062,Odyssud,Blagnac — Odyssud,theatre,,Blagnac,7,https://odyssud.com/,https://odyssud.com/spectacles,scrape 24/08/2026: OK | 4 pièces / 8 rép. | 2026-09-24 → 2026-10-15 | https://odyssud.com/spectacles
L070,Halle aux Grains,Toulouse — Halle aux Grains,salle_concert,,Toulouse,1,https://onct.toulouse.fr/la-halle-aux-grains/,https://onct.toulouse.fr/la-halle-aux-grains/programmation-halle-aux-grains/,Programmation officielle scrapée 24/08/2026 — https://onct.toulouse.fr/la-halle-aux-grains/programmation-halle-aux-grains/ (28 concerts juin–déc 2026) | url_programmation ONCT fournie Eloi
L071,Chapelle des Carmélites,Toulouse — Chapelle des Carmélites,patrimoine_concert,1 Rue de Périgord,Toulouse,0.4,https://monuments.toulouse.fr/saison-musicale-toulouse/,https://monuments.toulouse.fr/saison-musicale-toulouse/,événements trouvés sur la période
L072,Auditorium Saint-Pierre des Cuisines,Toulouse — Auditorium Saint-Pierre des Cuisines,salle_concert,,Toulouse,0.5,,https://conservatoire.toulouse.fr/agenda/,via métropole / CRR ; accueille aussi Piano aux Jacobins ponctuellement | url_programmation impossible: pas de site propre (via métropole/CRR)
L073,Espace Croix-Baragnon,Toulouse — Espace Croix-Baragnon,centre_culturel,,Toulouse,0.6,,,"via cultures.toulouse.fr | pas de site — non scannable; rien trouvé période 24/08–23/09/2026 (scan site / agenda) | url_programmation impossible: pas de site propre (via cultures.toulouse.fr) | url_find 2026-08-24: impossible (high) — Ancien centre culturel municipal disparu (Culture31). Bâtiment devenu La Résidence Baragnon (location privée/social club), plus de programmation spectacles publique. | url_find 2026-09-01: impossible (high) — Ancien centre culturel municipal disparu. Le 24 rue Croix-Baragnon est La Résidence Baragnon (location événementielle / social club, laresidencebaragnon.com), p"
L074,Samba Résille,Toulouse — Samba Résille,salle_asso,,Toulouse,0.8,https://www.samba-resille.org/,https://samba-resille.org/site/,rien trouvé période 24/08–23/09/2026 (scan site / agenda)
L075,Le Taquin,Toulouse — Le Taquin,salle_concert,,Toulouse,1,https://www.le-taquin.fr/,https://www.le-taquin.fr/concerts-a-venir/,"Scrape exhaustif https://www.le-taquin.fr/concerts-a-venir/ (WCS/Vue, 15 concerts 04–30/09/2026). Billetterie Festik ; tarifs souvent 11€/7€ sur fiches. Heures = horloge WCS (start/end wall-clock)."
L076,Le Rex,Toulouse — Le Rex,salle_concert,,Toulouse,1,https://www.lerextoulouse.com/,https://www.lerextoulouse.com/fr/programmation/,Programmation officielle scrapée 24/08/2026 — https://www.lerextoulouse.com/fr/programmation/ (sept 2026 → fév 2027)
L077,La MAC (CROUS),Toulouse — La MAC (CROUS),salle,,Toulouse,1,https://www.crous-toulouse.fr/sortir-bouger-creer/culture-sortir/mac/,https://www.crous-toulouse.fr/sortir-bouger-creer/culture-sortir/mac/,rien trouvé période 24/08–23/09/2026 (scan site / agenda) | url_programmation manquante
L078,Le Bijou,Toulouse — Le Bijou,salle_concert,,Toulouse,2.5,https://www.le-bijou.net/,https://www.le-bijou.net/programmation-lebijou,"événements trouvés sur la période | url_find 2026-09-01: upgrade (high) — Page « La Programmation » HTTP 200, concerts datés sept.–oct. 2026, 123 av. de Muret Toulouse."
L079,Zénith Toulouse Métropole,Toulouse — Zénith Toulouse Métropole,zenith,11 Avenue Raymond Badiou,Toulouse,3,https://zenith-toulousemetropole.com/,https://zenith-toulousemetropole.com/program,événements trouvés sur la période
L080,La Cabane (Cartoucherie),Toulouse — La Cabane (Cartoucherie),salle,,Toulouse,3,https://halles-cartoucherie.fr/la-cabane/,https://halles-cartoucherie.fr/la-cabane/,rien trouvé période 24/08–23/09/2026 (scan site / agenda)
L081,Salle Nougaro,Toulouse — Salle Nougaro,salle_concert,,Toulouse,3,https://www.sallenougaro.com/,https://www.sallenougaro.com/programmation/,événements trouvés sur la période / bordure
L082,Le Metronum,Toulouse — Le Metronum,smac,,Toulouse,4,https://lemetronum.fr/,https://lemetronum.fr/evenements/,"événements trouvés sur la période | url_find 2026-09-01: upgrade (high) — /evenements/ HTTP 200, agenda SMAC Borderouge filtrable (concerts dès sept. 2026). Accueil liste aussi les dates."
L083,Le Bikini,Ramonville-Saint-Agne — Le Bikini,salle_concert,"Parc Technologique du Canal, Rue Théodore Monod",Ramonville-Saint-Agne,8,https://lebikini.com/,https://lebikini.com/programmation,evenements trouves sur la periode
L084,Le Phare,Tournefeuille — Le Phare,salle_concert,,Tournefeuille,9,https://lephare-tournefeuille.com/,https://lephare-tournefeuille.com/,rien trouvé période 24/08–23/09/2026 (scan site / agenda)
L085,MEETT,Aussonne — MEETT,parc_exposition,Concorde Avenue,Aussonne,13,https://meett.fr/,https://meett.fr/agenda/,événements trouvés sur la période
L090,Racines (Port Viguerie),Toulouse — Racines (Port Viguerie),guinguette,Port Viguerie,Toulouse,1,https://racines-guinguette.fr/,https://racines-guinguette.fr/,scrape 2026-08-24 (site): ouvert 7/7 12h–00h (sunny days). Saison ouverte sans lineup daté (DJ non nominatif sur le site).
L091,La Centrale (Île du Ramier),Toulouse — La Centrale (Île du Ramier),guinguette,Île du Ramier,Toulouse,2.5,https://www.lacentralerestaurant.fr/,https://www.lacentralerestaurant.fr/,scrape 2026-08-24 (site): mar–dim soir + brunch dim. Coupe du Monde écrans. Saison ouverte sans concerts datés listés.
L092,Les Jardins de Candie,Toulouse — Les Jardins de Candie,guinguette,17 Chem. de la Saudrune,Toulouse,8,https://lesjardinsdecandie.com/,https://lesjardinsdecandie.com/,scrape 2026-08-24 (site): mar–sam midi/soir. DJ jeu–sam ; live mercredi. Saison ouverte — artistes jour J non listés nominativement.
L093,Le Petit Bikini,Ramonville-Saint-Agne — Le Petit Bikini,guinguette,Rue Théodore Monod,Ramonville-Saint-Agne,8,https://lebikini.com/,https://lebikini.com/programmation,événements trouvés sur la période
L094,Guinguette d’Odyssud,Blagnac — Guinguette d’Odyssud,guinguette,,Blagnac,7,https://odyssud.com/,https://odyssud.com/spectacles,rien trouvé période 24/08–23/09/2026 (scan site / agenda)
L095,Iris Guinguette (Jardin Michelet),Toulouse — Iris Guinguette (Jardin Michelet),guinguette,Jardin Michelet,Toulouse,1.5,https://iris-guinguette.vercel.app/,https://iris-guinguette.vercel.app/,"scrape 2026-08-24 (site Vercel): ouvert tous les jours sauf lundi, midi et soir. Cuisine grecque/médit. Saison ouverte sans lineup concerts sur le site (groupes éventuellement via Instagram hors périmètre LOT2)."
L096,La Pétanque des Copains,Toulouse — La Pétanque des Copains,guinguette,,Toulouse,1,,https://www.instagram.com/la_petanque_des_copains/,site non trouvé | rien trouvé période 24/08–23/09/2026 (scan site / agenda) | url_programmation impossible: site non trouvé | url_find 2026-08-24: found (medium) — Pas de site web. Ouvertures/Pétanque Days annoncés uniquement via Instagram (Actu/L’Opinion). Dernier recours réseaux sociaux. | Instagram — non scrapable auto
L097,Pompon (péniche),Toulouse — Pompon (péniche),guinguette,,Toulouse,2.5,,https://www.instagram.com/guinguette_pompon/,site non trouvé | rien trouvé période 24/08–23/09/2026 (scan site / agenda) | url_programmation impossible: site non trouvé | url_find 2026-08-24: found (medium) — Péniche Fénix Port Embouchure (2026). Pas de site propre; fiche Toulouse Tourisme sans URL. Instagram @guinguette_pompon pour DJ/événements. | Instagram — non scrapable auto
L098,Turbine Bazacle,Toulouse — Turbine Bazacle,guinguette,11 quai Saint-Pierre,Toulouse,1,https://turbine-bazacle.fr/,https://turbine-bazacle.fr/,"scrape 2026-08-24 (site): terrasse Espaces EDF Bazacle, restaurant/cocktails 11h–00h. Saison ouverte sans lineup concerts daté."
L099,Pêcheurs de sable,Toulouse — Pêcheurs de sable,guinguette,,Toulouse,0.8,,https://www.instagram.com/pecheurs_de_sable/,"site non trouvé | rien trouvé période 24/08–23/09/2026 (scan site / agenda) | url_programmation impossible: site non trouvé | url_find 2026-08-24: found (low) — Guinguette Quai de la Daurade, pas de site web (Tourisme = téléphone/email seulement). Instagram @pecheurs_de_sable cité presse; pas d’agenda spectacles dédié. | Instagram — non scrapable auto"
L100,Les Canotiers,Toulouse — Les Canotiers,guinguette,Quai de Tounis,Toulouse,1,https://lescanotiers.fr/,https://lescanotiers.fr/,"scrape 2026-08-24 (site+contact): ouvert du 2 juin au 30 septembre 2026, mar–dim 18h–00h, Quai de Tounis. Accueil sans réservation. Saison ouverte sans lineup concerts."
L101,Le Gros Arbre,Toulouse — Le Gros Arbre,guinguette,,Toulouse,1.5,,https://www.instagram.com/legrosarbreguinguette/,site non trouvé | rien trouvé période 24/08–23/09/2026 (scan site / agenda) | url_programmation impossible: site non trouvé | url_find 2026-08-24: found (low) — 110 rue des Amidonniers. Pas de site web trouvé (Tourisme/Petit Futé téléphone seulement). Diagonale cite Instagram/FB @LeGrosArbreGuinguette. | Instagram — non scrapable auto
L102,Museau Musette,Toulouse — Museau Musette,guinguette,,Toulouse,2,https://www.museaumusette.fr/,https://www.museaumusette.fr/,"scrape 2026-08-24 (site): bistrot Canal du Midi, lun–sam (cartes/menus/résa). Pas de page spectacles — saison ouverte sans lineup concerts."
L103,Les Terrasses de l’Atelier / Observatoire (Pech-David),Toulouse — Les Terrasses de l’Atelier / Observatoire (Pech-David),guinguette,,Toulouse,5,https://www.lesterrasses-toulouse.fr/,https://www.lesterrasses-toulouse.fr/,"site non trouvé | rien trouvé période 24/08–23/09/2026 (scan site / agenda) | url_programmation impossible: site non trouvé | url_find 2026-08-24: found (high) — Site Les Terrasses (1 chemin des Étroits, DJ jeu–sam). Observatoire voisin: laguinguettedelobservatoire.com. Entrée BDD fusionne les deux lieux Pech-David."
L104,Chez Molly (Montaudran),Toulouse — Chez Molly (Montaudran),guinguette,8 impasse Louise Labé,Toulouse,6,https://chezmollycoteguinguette.fr/,https://chezmollycoteguinguette.fr/,"scrape 2026-08-24 (site): 8 impasse Louise Labé, Montaudran. 7j/7 dès 17h (mauvais temps → restaurant). DJ/live/matchs évoqués sans dates. Saison ouverte sans lineup."
L105,Brasa (Balma),Balma — Brasa (Balma),guinguette,,Balma,6,https://linktr.ee/brasa.toulouse,https://linktr.ee/brasa.toulouse,"site non trouvé | rien trouvé période 24/08–23/09/2026 (scan site / agenda) | url_programmation impossible: site non trouvé | url_find 2026-08-24: found (medium) — Guinguette Château de Thégra Balma. Hub Linktree officiel (résa, cartes, Instagram). Pas de site autonome; cité La Dépêche/Actu."
L106,Le Petit L’U (L’Union),L’Union — Le Petit L’U (L’Union),guinguette,1 rue de la Caussade,L’Union,7,https://lepetitlu-guinguette.fr/,https://lepetitlu-guinguette.fr/,scrape 2026-08-24 (site): saison 22 mai–6 sept. 2026 ; closing annoncé 5 sept. Feed Instagram embarqué (hors périmètre scrape). Saison ouverte jusqu’au closing — pas de concerts datés stables sur le HTML.
L107,Guinguette de Tournefeuille,Tournefeuille — Guinguette de Tournefeuille,guinguette,Lac des Pêcheurs,Tournefeuille,9,https://www.guinguettetournefeuille.fr/,https://www.guinguettetournefeuille.fr/agenda,scrape 2026-08-24 (agenda): 22 événements saison 2026 ; dernière date Samedi 8 août — SOIRÉE DE CLÔTURE Concert VOODOO CHILD. Rien dans la fenêtre 24/08–23/09 (saison terminée).
L108,Guinguette en l’air (Fenouillet),Fenouillet — Guinguette en l’air (Fenouillet),guinguette,26 ch. du Bocage,Fenouillet,12,https://laguinguette-enlair.fr/,https://laguinguette-enlair.fr/,scrape 2026-08-24 (site): closing samedi 15 août annoncé. Section concerts/DJ renvoie Instagram/Facebook. Rien dans la fenêtre 24/08–23/09 (saison terminée).
L109,L’Éphémère (Lacroix-Falgarde),Lacroix-Falgarde — L’Éphémère (Lacroix-Falgarde),guinguette,,Lacroix-Falgarde,12,https://www.lephemereguinguette.com/,https://www.lephemereguinguette.com/programmation/,scrape 2026-08-24 (programmation): 3 concerts datés dans la fenêtre — 28/08 Tu Luz Habana 21h ; 29/08 Moher 21h ; 30/08 Cuarteto Tafi 18h30.
L110,Guinguette du BBT (Cornebarrieu),Cornebarrieu — Guinguette du BBT (Cornebarrieu),guinguette,Château d’en Haut / parking place du Boiret,Cornebarrieu,12,https://www.brasseur-toulousain.fr/la-guinguette-bbt/,https://www.brasseur-toulousain.fr/la-guinguette-bbt/,"scrape 2026-08-24 (page BBT): ouvert tous les jours 18h–00h, Château d’en Haut. Concert dans la fenêtre : ven 28/08 LEON Show Man (soul & funk). Autres concerts listés (mai–15/08) hors fenêtre."
L111,Min-Ou,Min-Ou,guinguette,,,10,,https://www.instagram.com/min_ou_toulouse/,site non trouvé | rien trouvé période 24/08–23/09/2026 (scan site / agenda) | url_programmation impossible: site non trouvé | url_find 2026-08-24: found (medium) — Guinguette MIN 200 av. États-Unis. Pas de site web propre (Tourisme = téléphone). Instagram @min_ou_toulouse (La Dépêche/Le Bonbon). | Instagram — non scrapable auto
L120,Le Lido,Toulouse — Le Lido,cirque,,Toulouse,4,https://www.circolido.fr/,https://circolido.fr/,site scanné — fermeture estivale ou prog hors fenêtre / détail insuffisant; rien trouvé période 24/08–23/09/2026 (scan site / agenda)
L121,La Place de la Danse (CDCN),Toulouse — La Place de la Danse (CDCN),danse,,Toulouse,1.5,https://laplacedeladanse.com/,https://laplacedeladanse.com/programmation/,événements trouvés sur la période
L122,CRR – Espace Varèse,Toulouse — CRR – Espace Varèse,conservatoire,,Toulouse,0.5,,https://conservatoire.toulouse.fr/agenda/,via metropole.toulouse.fr | pas de site — non scannable; rien trouvé période 24/08–23/09/2026 (scan site / agenda) | url_programmation impossible: pas de site propre (via métropole)
L123,Les Abattoirs,Toulouse — Les Abattoirs,musee,76 Allées Charles-de-Fitte,Toulouse,1.5,https://www.lesabattoirs.org/,https://www.lesabattoirs.org/agenda/,événements trouvés sur la période
L124,Quai des Savoirs,Toulouse — Quai des Savoirs,culture_scientifique,,Toulouse,1,https://quaidessavoirs.toulouse-metropole.fr/,https://quaidessavoirs.toulouse-metropole.fr/agenda/,événements trouvés sur la période
L125,Utopia Borderouge,Toulouse — Utopia Borderouge,cinema,59 Avenue Maurice Bourges-Maunoury,Toulouse,4,https://toulouse.cinemas-utopia.org/,https://toulouse.cinemas-utopia.org/,événements trouvés sur la période
L126,Utopia Tournefeuille,Tournefeuille — Utopia Tournefeuille,cinema,,Tournefeuille,9,https://toulouse.cinemas-utopia.org/,https://toulouse.cinemas-utopia.org/,événements trouvés sur la période
L127,Cinéma ABC,Toulouse — Cinéma ABC,cinema,13 rue Saint-Bernard,Toulouse,0.5,https://www.abc-toulouse.fr/,https://abc-toulouse.fr/,événements trouvés sur la période
L128,Le Cratère,Toulouse — Le Cratère,cinema,95 Grand-Rue Saint-Michel,Toulouse,2,https://www.cinemalecratere.fr/,https://www.cinemalecratere.fr/,événements trouvés sur la période
L129,Cinéma Le Métro,Toulouse — Cinéma Le Métro,cinema,,Toulouse,6,https://metropole.toulouse.fr/annuaire/cinema-le-metro,https://metropole.toulouse.fr/annuaire/cinema-le-metro,"rien trouvé période 24/08–23/09/2026 (scan site / agenda) | url_programmation manquante | url_programmation impossible: fiche annuaire métropole seulement | hub centresculturels cookie wall — non scrapable auto | url_find 2026-09-01: upgrade (medium) — Fiche officielle cinéma municipal Alban-Minville (HTTP 200), pas le hub centres culturels. Lien « Feuilleter le programme » vers Calameo ville (00597181190852a362608). Pas de site "
L130,Halle de la Machine,Toulouse — Halle de la Machine,spectacle_machines,3 Avenue de l’Aérodrome de Montaudran,Toulouse,6,https://www.halledelamachine.fr/,https://www.halledelamachine.fr/agenda/,evenements trouves sur la periode
L131,Cinémathèque de Toulouse,Toulouse — Cinémathèque de Toulouse,cinematheque,69 rue du Taur,Toulouse,0.3,https://www.lacinemathequedetoulouse.com/,https://www.lacinemathequedetoulouse.com/programmation/agenda,séances unitaires scrapées (plein air fin août + rentrée sept. Fritz Lang / animation)
L132,Poney Club,Blagnac — Poney Club,open_air_festival,"Parking P3 Aéroport, Avenue de Londres",Blagnac,10,https://lebikini.com/,https://lebikini.com/programmation,événements trouvés sur la période
L133,Forêt Magique (Domaine de Pontié),Cornebarrieu — Forêt Magique (Domaine de Pontié),parcours_familial,51 Route de Bouconne,Cornebarrieu,12,https://laforetmagiquedetoulouse.com/,https://laforetmagiquedetoulouse.com/,"Édition 2025 documentée ; rien confirmé pour août-sept. 2026 au moment du scrape | pas de site — non scannable; rien trouvé période 24/08–23/09/2026 (scan site / agenda) | url_programmation impossible: pas de site officiel confirmé 2026 | url_find 2026-09-01: upgrade (high) — foretmagique.fr = association dissoute 2018 (mauvais homonyme). Site officiel Cornebarrieu / Pontié : laforetmagiquedetoulouse.com (HTTP 200), horaires été 04/07–30/08/2026 + /rese"
L134,Couvent / Cloître des Jacobins,Toulouse — Couvent / Cloître des Jacobins,patrimoine_concert,,Toulouse,0.4,https://monuments.toulouse.fr/saison-musicale-toulouse/,https://monuments.toulouse.fr/saison-musicale-toulouse/,événements trouvés sur la période
L135,Base nautique Lac de la Reynerie,Toulouse — Base nautique Lac de la Reynerie,base_loisirs,Impasse Abbé Salvat / Place André Abbal,Toulouse,6,https://metropole.toulouse.fr/actualites/un-ete-au-bord-du-lac,https://metropole.toulouse.fr/annuaire/base-nautique-et-de-loisirs-de-la-reynerie,événements trouvés sur la période | url_programmation OK 24/08/2026 PT: annuaire métropole + PDF Un été au bord du lac 2026 (rey-prog-base-nautique-batweb.pdf)
L136,Petit Théâtre Saint-Exupère (Odyssud),Blagnac — Petit Théâtre Saint-Exupère (Odyssud),theatre,,Blagnac,7,https://odyssud.com/,https://odyssud.com/spectacles,scrape 24/08/2026: vide (aucun spectacle distinct listé hors Odyssud principal) | 0 pièces / 0 rép. |  | https://odyssud.com/spectacles
L137,Pathé Toulouse Wilson,Toulouse — Pathé Toulouse Wilson,cinema,3 Place du Président Wilson,Toulouse,0.4,https://www.pathe.fr/cinemas/cinema-pathe-wilson,https://www.pathe.fr/cinemas/cinema-pathe-wilson,ex-Gaumont Wilson ; Dolby Cinema ; 15 salles | ajouté 2026-08-24 scrape cinéma AlloCiné=P0057
L138,Pathé Toulouse Labège,Labège — Pathé Toulouse Labège,cinema,105 Avenue de la Méridienne,Labège,8,https://www.pathe.fr/cinemas/cinema-pathe-labege,https://www.pathe.fr/cinemas/cinema-pathe-labege,ex-Gaumont Labège ; IMAX / 4DX ; 17 salles | ajouté 2026-08-24 scrape cinéma AlloCiné=P0645
L139,CGR Blagnac,Blagnac — CGR Blagnac,cinema,"Allée Émile Zola, ZAC du Grand Noble",Blagnac,8,https://www.cgrcinemas.fr/,https://www.cgrcinemas.fr/horaire-film/p0692-cgr-blagnac-toulouse/,15 salles ; remplace historique Megarama Blagnac | ajouté 2026-08-24 scrape cinéma AlloCiné=P0692
L140,Kinepolis Fenouillet,Fenouillet — Kinepolis Fenouillet,cinema,15 Rue des Usines,Fenouillet,12,https://kinepolis.fr/cinemas/kinepolis-fenouillet/,https://kinepolis.fr/cinemas/kinepolis-fenouillet/,ex-Megarama Fenouillet ; laser ; ~13 salles | ajouté 2026-08-24 scrape cinéma AlloCiné=W3115
L141,American Cosmograph,Toulouse — American Cosmograph,cinema,24 rue Montardy,Toulouse,0.3,https://american-cosmograph.fr/,https://american-cosmograph.fr/les-horaires.html,"Art & essai (ex Utopia centre-ville) ; 3 salles | ajouté 2026-08-24 scrape cinéma AlloCiné=P0235 | url_find 2026-09-01: upgrade (high) — /les-horaires.html HTTP 200, séances jour par jour 24 rue Montardy. /a-l-affiche/ pour les films."
L142,UGC Montaudran,Toulouse — UGC Montaudran,cinema,Place Marcel Bouilloux-Lafont,Toulouse,5,https://www.ugc.fr/cinema-ugc-montaudran.html,https://www.ugc.fr/cinema-ugc-montaudran.html,7 salles ; AlloCiné W3140 ; site officiel ugc.fr | ajouté 2026-08-24 scrape cinéma AlloCiné=W3140
L143,L'Autan,Ramonville-Saint-Agne — L'Autan,cinema,Place Jean-Jaurès,Ramonville-Saint-Agne,7,https://www.cine-autan-ramonville.fr/,https://www.cine-autan-ramonville.fr/,Art & essai 1 salle | ajouté 2026-08-24 scrape cinéma AlloCiné=P0881
L144,Véo Grand Central Colomiers,Colomiers — Véo Grand Central Colomiers,cinema,10 Allée du Rouergue,Colomiers,10,https://colomiers.veocinemas.fr/,https://colomiers.veocinemas.fr/horaires/,"5 salles | ajouté 2026-08-24 scrape cinéma AlloCiné=P6864 | url_find 2026-09-01: upgrade (high) — Sous-domaine officiel du cinéma Colomiers (HTTP 200). /horaires/ liste les séances du lieu, distinct du portail national Véo."
L145,Ecran7 Plaisance,Plaisance-du-Touch — Ecran7 Plaisance,cinema,1 rue des Fauvettes,Plaisance-du-Touch,14,https://www.ecran7.fr/,https://www.ecran7.fr/,3 salles | ajouté 2026-08-24 scrape cinéma AlloCiné=P0918
L146,Le Castelia,Castelginest — Le Castelia,cinema,17 rue du Pont-Faure,Castelginest,11,https://www.lecastelia.fr/,https://www.lecastelia.fr/,1 salle | ajouté 2026-08-24 scrape cinéma AlloCiné=P0583
L147,Véo Muret,Muret — Véo Muret,cinema,49 avenue d'Europe,Muret,20,https://muret.veocinemas.fr/,https://muret.veocinemas.fr/horaires/,"8 salles ; agglo sud | ajouté 2026-08-24 scrape cinéma AlloCiné=W3161 | url_find 2026-09-01: upgrade (high) — Sous-domaine officiel Véo Muret (HTTP 200, title « Horaires — Muret »). /evenements/ existe aussi pour séances spéciales."
L148,MJC Ciné 113,Castanet-Tolosan — MJC Ciné 113,cinema,20 avenue de Toulouse,Castanet-Tolosan,12,https://www.mjc-castanet-tolosan.fr/,https://www.mjc-castanet-tolosan.fr/cinema-cine-113/,Art & essai MJC 1 salle | ajouté 2026-08-24 scrape cinéma AlloCiné=P2235 | url_find 2026-09-01: upgrade (high) — mjc113.fr DNS mort. Site MJC Castanet : /cinema-cine-113/ HTTP 200 (séances + fiche salle) ; listing films /sujets/cine113/alaffiche/.
L149,Archives départementales de la Haute-Garonne,Toulouse — Archives départementales de la Haute-Garonne,patrimoine_concert,11 boulevard Griffoul-Dorval,Toulouse,3,https://www.archives.haute-garonne.fr/,https://www.archives.haute-garonne.fr/,Ajouté 2026-08-24 merge HG | spectacles JEP & saison culturelle CD31
L150,Le Kiwi (ARTO),Ramonville-Saint-Agne — Le Kiwi (ARTO),centre_culturel,Place Jean Jaurès,Ramonville-Saint-Agne,8,https://kiwiramonville-arto.fr/,https://kiwiramonville-arto.fr/evenements/,Ajouté 2026-08-24 merge HG | programmation ARTO + Festival de rue
L151,COMDT (Centre occitan des musiques et danses traditionnelles),Toulouse — COMDT (Centre occitan des musiques et danses traditionnelles),centre_culturel,5 rue du Pont de Tounis,Toulouse,1,https://www.comdt.org/,https://www.comdt.org/saison/les-concerts/,Ajouté 2026-08-24 merge HG | url_find 2026-09-01: upgrade (high) — Page concerts saison HTTP 200 (5 rue du Pont de Tounis). Dates dès 20/09/2026 JEP / oct.–déc. /saison/les-stages/ pour stages.
L152,Maison de la Terre,Poucharramet — Maison de la Terre,salle_concert,7 rue des Hospitaliers,Poucharramet,30,https://www.lamaisondelaterre.fr/,https://www.lamaisondelaterre.fr/concerts/,Ajouté 2026-08-24 merge HG | concerts Place des marronniers / MDT | url_find 2026-09-01: upgrade (high) — /concerts/ HTTP 200 (« Les concerts à venir ») ; /actuellement-a-maison-de-terre/ pour le reste. Lieu Poucharramet confirmé.
L153,Café associatif Le Buv'Art,Lasserre-Pradère — Café associatif Le Buv'Art,salle_asso,5 avenue de Bouconne,Lasserre-Pradère,28,https://foyerrurallasserrepradere.fr/,https://foyerrurallasserrepradere.fr/agenda/agenda-culturel-le-buvart/,Ajouté 2026-08-24 merge HG | Foyer Rural
L154,Esplanade de la Mairie (Pechbonnieu),Pechbonnieu — Esplanade de la Mairie (Pechbonnieu),open_air_festival,Place de la Mairie,Pechbonnieu,15,https://www.ville-pechbonnieu.fr/,https://culture.haute-garonne.fr/28e-edition-de-31-notes-dete,Ajouté 2026-08-24 merge HG | 31 notes d'été
L155,La Promenade (Buzet-sur-Tarn),Buzet-sur-Tarn — La Promenade (Buzet-sur-Tarn),open_air_festival,La Promenade,Buzet-sur-Tarn,25,https://www.hautegaronnetourisme.com/,https://culture.haute-garonne.fr/28e-edition-de-31-notes-dete,Ajouté 2026-08-24 merge HG | 31 notes d'été
L156,Place Geneviève Anthonioz-de Gaulle (Bagatelle),Toulouse — Place Geneviève Anthonioz-de Gaulle (Bagatelle),open_air_festival,Place Geneviève Anthonioz-de Gaulle,Toulouse,4,https://festivalramonville-arto.fr/,https://festivalramonville-arto.fr/programmation/festival-2026,Ajouté 2026-08-24 merge HG | préambule Festival de rue Ramonville
L157,Parc Labège-Village,Labège — Parc Labège-Village,open_air_festival,Rue de la Croix-Rose,Labège,10,https://festivalramonville-arto.fr/,https://festivalramonville-arto.fr/programmation/festival-2026,Ajouté 2026-08-24 merge HG | préambule Festival de rue Ramonville
L158,Maison Blanche,Toulouse — Maison Blanche,bar,10 rue Arnaud Bernard,Toulouse,0.6,https://cafe-maison-blanche.com/,https://cafe-maison-blanche.com/programmation/,Café associatif (Arnaud Bernard). Concerts/jams live. Scrape bars 90j 2026-09-01. Adhésion annuelle à partir de 2€.
L159,L'Estanquet de l'Olivier,L'Union — L'Estanquet de l'Olivier,resto,1 Avenue des Pyrénées,L'Union,7,https://lestanquetdelolivier.fr/,https://lestanquetdelolivier.fr/evenements/categorie/concerts/,Bar-resto L'Union. Agenda officiel concerts. Scrape bars 90j 2026-09-01.
L160,Bistrot du Grand Noble,Blagnac — Bistrot du Grand Noble (Jazz au Bistrot),resto,Avenue Léonard de Vinci,Blagnac,7.5,https://www.bistrot-du-grand-noble.fr/,https://www.jazzaubistrot.fr/,Restaurant. Concerts jazz jeudi 21h produits par Jazz au Bistrot / Le Jazz pour Tous. Scrape bars 90j 2026-09-01. Page programmation officielle = jazzaubistrot.fr.
L161,Dubliner's,Toulouse — Dubliner's,bar,46 Avenue Marcel Langer,Toulouse,3.5,https://www.dubliners.fr/,https://dubliners.fr/les-evenements/,Pub irlandais (Empalot). Scrape bars 90j lot2 2026-09-01. Page évènements officielle = embed Facebook cassé (Cannot call API) ; 0 concert daté sept–nov sur le site.
L162,Donna,Toulouse — Donna,resto,8 rue Gabriel Péri,Toulouse,0.8,https://donnafestive.com/,https://donnafestive.com/,Restaurant festif / bar (ex-Connexion Live). Scrape bars 90j lot2 2026-09-01. Créneaux hebdo Jazz / Piano-Voix / DJ set sans dates ni groupes → 0 séance.
L163,Le Cri de la Mouette,Toulouse — Le Cri de la Mouette,bar_scene,78 allée de Barcelone,Toulouse,,https://www.facebook.com/lecridelamouette,https://www.facebook.com/lecridelamouette,URL agent 2026-09-01 | péniche | site lecridelamouette.com 500 | skip scrape FB/IG
L164,The Frog & Rosbif,Toulouse — The Frog & Rosbif,bar_scene,,Toulouse,,https://frogpubs.com/our-pubs/the-frog-and-rosbif-pub-toulouse/,https://frogpubs.com/our-pubs/the-frog-and-rosbif-pub-toulouse/,URL agent 2026-09-01 | scraper page officielle datée
L165,Boudu Pont,Toulouse — Boudu Pont,bar_scene,,Toulouse,,https://www.boudupont.fr/,https://www.boudupont.fr/programmation/,URL agent 2026-09-01 | prog officielle
L166,Betty Pop's,Toulouse — Betty Pop's,bar_scene,,Toulouse,,https://bettypops.fr/,https://bettypops.fr/,URL agent 2026-09-01 | prog=IG → skip scrape | prog=home « programmation du mois » (pas /programmation 404) ; IG secondaire skip
L167,Scylla Café,Toulouse — Scylla Café,bar_scene,,Toulouse,,https://krakenmusique.com/scyllacafe/,https://krakenmusique.com/scyllacafe/,URL agent 2026-09-01 | scraper page officielle datée
L168,The Petit London,Toulouse — The Petit London,bar_scene,,Toulouse,,https://www.instagram.com/thepetitlondon/,https://www.instagram.com/thepetitlondon/,URL agent 2026-09-01 | IG only → skip scrape
L169,DAda,Toulouse — DAda,bar_scene,,Toulouse,,https://www.instagram.com/dada.toulouse/,https://www.instagram.com/dada.toulouse/,URL agent 2026-09-01 | IG only → skip scrape
L170,Le Ravelin,Toulouse — Le Ravelin,bar_scene,,Toulouse,,https://www.facebook.com/bar.leravelin.7,https://www.facebook.com/bar.leravelin.7,URL agent 2026-09-01 | FB only → skip scrape
L171,Le Chorus,Toulouse — Le Chorus,bar_scene,,Toulouse,,https://www.facebook.com/LeChorusToulouse/,https://www.facebook.com/LeChorusToulouse/,URL agent 2026-09-01 | FB only → skip scrape
L172,Pirouette,Toulouse — Pirouette,bar_scene,,Toulouse,,https://www.instagram.com/pirouette.bar/,https://www.instagram.com/pirouette.bar/,URL agent 2026-09-01 | IG only → skip scrape
L173,L'Impro,Toulouse — L'Impro,bar_scene,,Toulouse,,https://www.facebook.com/limprotoulouse/,https://www.facebook.com/limprotoulouse/,URL agent 2026-09-01 | FB only → skip scrape
L174,The Black Lion,Toulouse — The Black Lion,bar_scene,,Toulouse,,https://theblacklion.fr/,https://theblacklion.fr/,URL agent 2026-09-01 | site officiel ; IG secondaire skip
