event_id,titre,lieu,nb_seances_a_venir
T900717,septembre,Toulouse — Théâtre Garonne,119
T900623,Nous sommes des filles sans histoire,Toulouse — Théâtre Sorano,96
T900068,Lucie Lataste,Toulouse — Théâtre Garonne,47
TMP0477,1 évènement 6,Ramonville-Saint-Agne — Le Kiwi (ARTO),33
TMP0690,pagination,Toulouse — Auditorium Saint-Pierre des Cuisines,21
TMP0691,pagination,Toulouse — CRR – Espace Varèse,21
TMP0079,Clédat & Petitpierre,Toulouse — Théâtre Garonne,16
E391,Atelier de lecture à voix haute,Toulouse — Cave Poésie René-Gouzenne,14
TMP0100,Bord de scène,Toulouse — ThéâtredelaCité (CDN),13
T900621,pagination,Toulouse — Théâtre du Capitole,10
TMP0146,[Rugissante] –,Toulouse — Cave Poésie René-Gouzenne,10
TMP0145,ÉCRIRE AVEC FABIENNE YVERT,Toulouse — Cave Poésie René-Gouzenne,9
E059,Les Gaulois,Toulouse — Théâtre Sorano,8
E182,Les Gaulois,Toulouse — Théâtre Garonne,8
E9136,Évènements,Ramonville-Saint-Agne — Le Kiwi (ARTO),8
T900589,Théâtre,Blagnac — Odyssud,8
T900597,Théâtre,Blagnac — Petit Théâtre Saint-Exupère (Odyssud),8
T900605,Théâtre,Blagnac — Guinguette d’Odyssud,8
T900632,La Timidité des cimes,Toulouse — Théâtre Sorano,8
T900665,Trois contes et quelques,Toulouse — Théâtre Sorano,8
TMP0068,Thomas Blanchard,Toulouse — Théâtre Garonne,8
TMP0075,Clémence Jeanguillaume,Toulouse — Théâtre Garonne,8
TMP0144,ÉCRIRE AVEC CLÉMENTINE PONS,Toulouse — Cave Poésie René-Gouzenne,8
E204,Olalaland,Toulouse — Théâtre Garonne,7
TMP0091,La Bulle Bleue,Toulouse — Théâtre Garonne,7
TMP0092,Joël Fesel,Toulouse — Théâtre Garonne,7
TMP0154,ATELIER D’IMAGINATION POLITIQUE,Toulouse — Cave Poésie René-Gouzenne,7
TMP0495,RÊVE TA VILLE,Ramonville-Saint-Agne — Le Kiwi (ARTO),7
E153,Stella et la magie de Yule,Toulouse — Théâtre le Fil à Plomb,6
E9117,Cantada,Toulouse — COMDT (Centre occitan des musiques et danses traditionnelles),6
E9199,pagination,Toulouse — Quai des Savoirs,6
T900667,Folies furieuses,Toulouse — Théâtre Sorano,6
T900758,Cantade,Toulouse — COMDT (Centre occitan des musiques et danses traditionnelles),6
TMP0077,Not Standing/Alexander Vantournhout,Toulouse — Théâtre Garonne,6
TMP0104,Préambule,Toulouse — ThéâtredelaCité (CDN),6
TMP0476,1 évènement 11,Ramonville-Saint-Agne — Le Kiwi (ARTO),6
E158,En’corps !,Toulouse — Théâtre le Fil à Plomb,5
E161,Une fabuleuse histoire de Ouf,Toulouse — Théâtre le Fil à Plomb,5
E203,SEUIL,Toulouse — Théâtre Garonne,5
E439,Shred Fest : Obscura & Pestilence & Cryptic Shift & Thus & DVRK,Toulouse — Le Rex,5
T900646,La Chute,Toulouse — Théâtre Sorano,5
T900658,Menace chorale,Toulouse — Théâtre Sorano,5
TMP0074,Aimé Rauzier,Toulouse — Théâtre Garonne,5
TMP0080,Charlotte Corman,Toulouse — Théâtre Garonne,5
TMP0087,Gabriel Sparti,Toulouse — Théâtre Garonne,5
TMP0090,Sacha Ribeiro,Toulouse — Théâtre Garonne,5
TMP0170,COMPLET – TENTATIVE D’ÉPUISEMENT #2,Toulouse — Cave Poésie René-Gouzenne,5
E200,Une famille pyrénéenne,Toulouse — Théâtre Garonne,4
E310,Qui som? — Baro d’evel,Toulouse — ThéâtredelaCité (CDN),4
E377,STEF MAZIERES — LES CONFIDENCES D'UN KINKA,Toulouse — La Comédie de Toulouse,4
E412,Mispyrming & Owls Woods Graves & Profanation & Gorrch,Toulouse — Le Rex,4
E506,Pour Britney,Toulouse — Théâtre du Pavé,4
E536,Calentamiento — Rocío Molina,Toulouse — La Place de la Danse (CDCN),4
T900587,Cirque,Blagnac — Odyssud,4
T900595,Cirque,Blagnac — Petit Théâtre Saint-Exupère (Odyssud),4
T900603,Cirque,Blagnac — Guinguette d’Odyssud,4
T900650,"J’attends peu, j’aspire à beaucoup",Toulouse — Théâtre Sorano,4
T900651,Sans suite [un air de roman],Toulouse — Théâtre Sorano,4
T900657,Transfiguration,Toulouse — Théâtre Sorano,4
T900659,Le Roi Lear,Toulouse — Théâtre Sorano,4
T900760,Session trad’,Toulouse — COMDT (Centre occitan des musiques et danses traditionnelles),4
TMP0069,tg STAN,Toulouse — Théâtre Garonne,4
TMP0070,Cie TORO TORO,Toulouse — Théâtre Garonne,4
TMP0073,Rocío Molina,Toulouse — Théâtre Garonne,4
TMP0085,Olivier de Sagazan,Toulouse — Théâtre Garonne,4
TMP0089,Maison De La,Toulouse — Théâtre Garonne,4
TMP0155,[Café Pop !] –,Toulouse — Cave Poésie René-Gouzenne,4
TMP0160,DALIDAAAAA ! EUH…,Toulouse — Cave Poésie René-Gouzenne,4
TMP0163,LA DOULEUR de Marguerite Duras,Toulouse — Cave Poésie René-Gouzenne,4
TMP0165,COLD CUTS,Toulouse — Cave Poésie René-Gouzenne,4
TMP0167,DU JOUR OÙ J’AI PÉTÉ LES PLOMBS,Toulouse — Cave Poésie René-Gouzenne,4
TMP0171,TENTATIVE D’ÉPUISEMENT #2,Toulouse — Cave Poésie René-Gouzenne,4
TMP0172,COMPLET – TENTATIVE D’ÉPUISEMENT #3,Toulouse — Cave Poésie René-Gouzenne,4
TMP0173,TENTATIVE D’ÉPUISEMENT #3,Toulouse — Cave Poésie René-Gouzenne,4
TMP0689,pagination,Toulouse — Quai des Savoirs,4
E154,Les Lancers de Fil : Triplicata,Toulouse — Théâtre le Fil à Plomb,3
E156,Les Lancers de Fil : La solitude se peuple à coups de pioche,Toulouse — Théâtre le Fil à Plomb,3
E157,Les Lancers de Fil : Femme non-rééducable,Toulouse — Théâtre le Fil à Plomb,3
E160,Les Lancers de Fil : La crotte sur le coeur,Toulouse — Théâtre le Fil à Plomb,3
E162,Les Lancers de Fil : Dernière investiture.,Toulouse — Théâtre le Fil à Plomb,3
E165,Bleu sombre,Toulouse — Théâtre le Fil à Plomb,3
E166,La semaine du Grand i : Allez raconte !,Toulouse — Théâtre le Fil à Plomb,3
E168,Festival des solidarités : Tenter de ne pas faner,Toulouse — Théâtre le Fil à Plomb,3
E169,"Festival des solidarités : Rangée 12, après les souvenirs",Toulouse — Théâtre le Fil à Plomb,3
E172,À quoi bon les poètes ?,Toulouse — Théâtre le Fil à Plomb,3
E175,Les Femmes de la mythologie n’ont pas bonne presse,Toulouse — Théâtre le Fil à Plomb,3
E176,La semaine du Grand i : Romances givrées,Toulouse — Théâtre le Fil à Plomb,3
E179,Le Bazar à Tatie,Toulouse — Théâtre le Fil à Plomb,3
E206,Tout doit disparaître,Toulouse — Théâtre Garonne,3
E322,Portrait de Rita — Laurène Marx / Cie Hande Kader,Toulouse — Théâtre Sorano,3
E411,Cybersynth 2026 : Vector Seven + Neon Paradise + DJ set Neon Kult,Toulouse — Le Rex,3
E418,The Browning & Within Destruction & Abbie Falls,Toulouse — Le Rex,3
E420,Master Boot Record & Fulci & Arottenbit,Toulouse — Le Rex,3
E429,Rosa Crux + Malefino + Gaouta,Toulouse — Le Rex,3
E507,Le Sacre des Profanes,Toulouse — Théâtre du Pavé,3
E509,Tarpin* me manquer (*beaucoup),Toulouse — Théâtre du Pavé,3
E510,Sganarelle / L’Amour médecin,Toulouse — Théâtre du Pavé,3
E514,La Cérémonie,Toulouse — Théâtre du Pavé,3
E522,F.A.I.L — Les Tréteaux de France,Blagnac — Odyssud,3
E9135,4 évènements 17,Ramonville-Saint-Agne — Le Kiwi (ARTO),3
E9154,COMPLET – TENTATIVE D’ÉPUISEMENT #1,Toulouse — Cave Poésie René-Gouzenne,3
T900627,Pas de souci,Toulouse — Théâtre Sorano,3
T900629,Rumba – L’âne et le boeuf de la crèche de Saint François sur le parking du supermarché,Toulouse — Théâtre Sorano,3
T900647,Marasme,Toulouse — Théâtre Sorano,3
T900648,@La_therapie_d_Emmanuel_Macron,Toulouse — Théâtre Sorano,3
T900649,Nelvar – le royaume sans peuple,Toulouse — Théâtre Sorano,3
T900655,J’abandonne avec joie,Toulouse — Théâtre Sorano,3
T900664,Peut-être le hasard,Toulouse — Théâtre Sorano,3
T900666,Mesure pour mesure,Toulouse — Théâtre Sorano,3
TMP0076,Stéphanie Aflalo,Toulouse — Théâtre Garonne,3
TMP0078,Ulla von Brandenburg,Toulouse — Théâtre Garonne,3
TMP0081,Aurélien Bory,Toulouse — Théâtre Garonne,3
TMP0082,Vincent Dupont,Toulouse — Théâtre Garonne,3
TMP0088,Cridacompany,Toulouse — Théâtre Garonne,3
TMP0093,Jeanne Candel,Toulouse — Théâtre Garonne,3
TMP0115,Bord de scène en LSF,Toulouse — ThéâtredelaCité (CDN),3
TMP0142,TENTATIVE D’ÉPUISEMENT #1,Toulouse — Cave Poésie René-Gouzenne,3
TMP0484,La semaine du Grand i : 75 minutes,Toulouse — Théâtre le Fil à Plomb,3
TMP0485,Iska et le dernier Jardin,Toulouse — Théâtre le Fil à Plomb,3
TMP0486,À plein gaz,Toulouse — Théâtre le Fil à Plomb,3
TMP0487,Eclats d’enfance,Toulouse — Théâtre le Fil à Plomb,3
TMP0697,42e Salon d’automne,Ramonville-Saint-Agne — Le Kiwi (ARTO),3
E201,Gush is Great,Toulouse — Théâtre Garonne,2
E202,Le Saut du lit,Toulouse — Théâtre Garonne,2
E300,Rusalka — Antonín Dvořák,Toulouse — Théâtre du Capitole,2
E312,Rendez-vous Complicité,Toulouse — ThéâtredelaCité (CDN),2
E397,[R. A. P.],Toulouse — Cave Poésie René-Gouzenne,2
E406,HYPNO5E & HIPPOTRAKTOR,Toulouse — Le Rex,2
E408,Monolord & Dopelord,Toulouse — Le Rex,2
E409,Hällas + Earth Tongue,Toulouse — Le Rex,2
E414,Calva Louise & Imparfait,Toulouse — Le Rex,2
E427,Imperial Triumphant & Knoll,Toulouse — Le Rex,2
E430,Soen + Tribulation,Toulouse — Le Rex,2
E433,Esthesis + Solventis,Toulouse — Le Rex,2
E434,Theo Juice & The Sexy Music Live Band,Toulouse — Le Rex,2
E462,Pierre et le Loup,Toulouse — Halle aux Grains,2
E464,Stephan Eicher,Toulouse — Halle aux Grains,2
E474,Let’s Swing Again!,Toulouse — Halle aux Grains,2
E485,TOM,Toulouse — Le Grenier Théâtre,2
E499,Superpêche,Toulouse — Théâtre du Pavé,2
E500,L'Esprit d'entreprise,Toulouse — Théâtre du Pavé,2
E501,À tous ceux qui,Toulouse — Théâtre du Pavé,2
E502,Le Cabaret,Toulouse — Théâtre du Pavé,2
E503,≈ [Presque égal à],Toulouse — Théâtre du Pavé,2
E504,Le retour au désert,Toulouse — Théâtre du Pavé,2
E505,Le sens de la fête,Toulouse — Théâtre du Pavé,2
E508,Muraille,Toulouse — Théâtre du Pavé,2
E511,Leboncoin du feu,Toulouse — Théâtre du Pavé,2
E512,Le Feu aux Poudres,Toulouse — Théâtre du Pavé,2
E513,Cabaret iconiq’ de Noël,Toulouse — Théâtre du Pavé,2
E517,HOURVARI — Compagnie Rasposo,Blagnac — Odyssud,2
E519,Quatre mains — Cie La Spirale,Blagnac — Odyssud,2
E520,Murmures — Cie Pernette,Blagnac — Odyssud,2
E521,Le Silence — Lorraine de Sagazan,Blagnac — Odyssud,2
E523,Yongoyély — Circus Baobab,Blagnac — Odyssud,2
E526,Psicofonía — Cie Madie Bergson,Blagnac — Odyssud,2
E532,La Danse au Grand Jour,Toulouse — La Place de la Danse (CDCN),2
E535,100% polyester — Christian Rizzo & Caty Olive,Toulouse — La Place de la Danse (CDCN),2
E9105,david voinson avant nous,Toulouse — La Comédie de Toulouse,2
E9118,Sesilhas,Toulouse — COMDT (Centre occitan des musiques et danses traditionnelles),2
E9119,Serada musicaire·as dançaire·as,Toulouse — COMDT (Centre occitan des musiques et danses traditionnelles),2
E9134,2 évènements 16,Ramonville-Saint-Agne — Le Kiwi (ARTO),2
E9144,Sesilha,Toulouse — COMDT (Centre occitan des musiques et danses traditionnelles),2
E9145,pagination,Toulouse — Quai des Savoirs,2
E9160,mathilde andrea en rodage,Toulouse — La Comédie de Toulouse,2
E9163,marie de brauer bodycount,Toulouse — La Comédie de Toulouse,2
E9193,Lecture pour les tout-petits,Lasserre-Pradère — Café associatif Le Buv'Art,2
E9200,pagination,Toulouse — Auditorium Saint-Pierre des Cuisines,2
E9201,pagination,Toulouse — CRR – Espace Varèse,2
T900586,Musiques,Blagnac — Odyssud,2
T900590,Danse,Blagnac — Odyssud,2
T900592,CIRQUE / DANSE,Blagnac — Odyssud,2
T900594,Musiques,Blagnac — Petit Théâtre Saint-Exupère (Odyssud),2
T900598,Danse,Blagnac — Petit Théâtre Saint-Exupère (Odyssud),2
T900600,CIRQUE / DANSE,Blagnac — Petit Théâtre Saint-Exupère (Odyssud),2
T900602,Musiques,Blagnac — Guinguette d’Odyssud,2
T900606,Danse,Blagnac — Guinguette d’Odyssud,2
T900608,CIRQUE / DANSE,Blagnac — Guinguette d’Odyssud,2
T900630,C’est quoi l’amour ? (titre en construction),Toulouse — Théâtre Sorano,2
T900631,Ix : variations,Toulouse — Théâtre Sorano,2
T900633,Le Saut du lit,Toulouse — Théâtre Sorano,2
T900634,"Noires sœurs, chroniques d’une famille décomposée",Toulouse — Théâtre Sorano,2
T900635,Les Marginaux,Toulouse — Théâtre Sorano,2
T900636,Poem of a river,Toulouse — Théâtre Sorano,2
T900637,"La Candeur, au-delà des ruines",Toulouse — Théâtre Sorano,2
T900638,Marianne Martin,Toulouse — Théâtre Sorano,2
T900639,7 rue des Alouettes,Toulouse — Théâtre Sorano,2
T900640,Quand on dort on n’a pas faim,Toulouse — Théâtre Sorano,2
T900641,La Contre-histoire du monde,Toulouse — Théâtre Sorano,2
T900642,Tarpin me manquer,Toulouse — Théâtre Sorano,2
T900644,Influent Mum,Toulouse — Théâtre Sorano,2
T900645,Orphée et Eurydice Transes Mythologiques #4,Toulouse — Théâtre Sorano,2
T900653,Couronner les vainqueurs,Toulouse — Théâtre Sorano,2
T900654,Médusée,Toulouse — Théâtre Sorano,2
T900656,After all,Toulouse — Théâtre Sorano,2
T900661,Le Premier Sexe ou la grosse arnaque de la virilité,Toulouse — Théâtre Sorano,2
T900663,Un Lendemain soir de gala,Toulouse — Théâtre Sorano,2
T900762,Bal Coll’Oc avec La Malène,Toulouse — COMDT (Centre occitan des musiques et danses traditionnelles),2
T900763,Rencontre musicien·nes danseur·ses,Toulouse — COMDT (Centre occitan des musiques et danses traditionnelles),2
TMP0071,Production Xx,Toulouse — Théâtre Garonne,2
TMP0072,Helena de Laurens,Toulouse — Théâtre Garonne,2
TMP0083,Azusa Takeuchi,Toulouse — Théâtre Garonne,2
TMP0086,Volmir Cordeiro,Toulouse — Théâtre Garonne,2
TMP0111,Côté coulisses,Toulouse — ThéâtredelaCité (CDN),2
TMP0147,MME FLYNA de Karima El Kharraze,Toulouse — Cave Poésie René-Gouzenne,2
TMP0158,GACHA EMPEGA EL HILLAL,Toulouse — Cave Poésie René-Gouzenne,2
TMP0159,LES 24h DE L’ACCORDÉON 2026,Toulouse — Cave Poésie René-Gouzenne,2
TMP0168,TOULOUSE DJANGO FESTIVAL,Toulouse — Cave Poésie René-Gouzenne,2
TMP0182,toulouse j adore,Toulouse — La Comédie de Toulouse,2
TMP0199,yali et le feu,Toulouse — La Comédie de Toulouse,2
TMP0200,yali et le jaguar,Toulouse — La Comédie de Toulouse,2
TMP0204,anne cahen moment de qualite,Toulouse — La Comédie de Toulouse,2
TMP0205,les decoiffeuses,Toulouse — La Comédie de Toulouse,2
TMP0207,sebastian marx nouveau spectacle,Toulouse — La Comédie de Toulouse,2
TMP0208,veronique gallo la vraie vie,Toulouse — La Comédie de Toulouse,2
TMP0217,d jal en pleine conscience,Toulouse — La Comédie de Toulouse,2
TMP0219,zize irrezizetible,Toulouse — La Comédie de Toulouse,2
TMP0220,emma loiselle femme de mere en fille depuis que l homme est homme,Toulouse — La Comédie de Toulouse,2
TMP0222,guillaume sentou un mec cool,Toulouse — La Comédie de Toulouse,2
TMP0225,un air de famille une piece d agnes jaoui et jean pierre bacri,Toulouse — La Comédie de Toulouse,2
TMP0226,denise jardiniere vous invite chez elle,Toulouse — La Comédie de Toulouse,2
TMP0230,marie de brauer en spectacle,Toulouse — La Comédie de Toulouse,2
TMP0231,jeremy charbonnel seul tout,Toulouse — La Comédie de Toulouse,2
TMP0302,Cabaret,Toulouse — Centre culturel Henri-Desbals,2
TMP0489,4 évènements 18,Ramonville-Saint-Agne — Le Kiwi (ARTO),2
TMP0507,FIESTA DE MUERTOS 2026,Ramonville-Saint-Agne — Le Kiwi (ARTO),2
TMP0569,Atelier débrouillardise - Programme à définir,Lasserre-Pradère — Café associatif Le Buv'Art,2
TMP0655,Bal avec La Malène,Toulouse — COMDT (Centre occitan des musiques et danses traditionnelles),2
TMP0674,Bourrasque,Toulouse — COMDT (Centre occitan des musiques et danses traditionnelles),2
TMP0678,Duo Baudoin Lassouque,Toulouse — COMDT (Centre occitan des musiques et danses traditionnelles),2
TMP0680,Nawras Ibrahim Trio,Toulouse — COMDT (Centre occitan des musiques et danses traditionnelles),2
TMP0692,TRANSHUMANCE,Ramonville-Saint-Agne — Le Kiwi (ARTO),2
TMP0693,L’IA EST-ELLE UN PROGRÈS OU UNE MENACE ?,Ramonville-Saint-Agne — Le Kiwi (ARTO),2
TMP0694,CUADRO FLAMENCO,Ramonville-Saint-Agne — Le Kiwi (ARTO),2
TMP0695,COURONNER LES VAINQUEURS,Ramonville-Saint-Agne — Le Kiwi (ARTO),2
TMP0696,DÉPLACER LES MONTAGNES,Ramonville-Saint-Agne — Le Kiwi (ARTO),2
E114,FIBR 4TET,Toulouse — Le Taquin,1
E155,Apéro-théâtre – Folle de toi,Toulouse — Théâtre le Fil à Plomb,1
E163,Apéro-musical – Célia & Valentin,Toulouse — Théâtre le Fil à Plomb,1
E164,Exposition – Photographies par Eric Batbedat,Toulouse — Théâtre le Fil à Plomb,1
E170,Apéro-musical,Toulouse — Théâtre le Fil à Plomb,1
E171,"Exposition – Œufs, Œufs, Œufs d’Anna Zviebel",Toulouse — Théâtre le Fil à Plomb,1
E173,Soirée de soutien au Fil : Les immaculées déceptions,Toulouse — Théâtre le Fil à Plomb,1
E178,Soirée de Noël : Sagan – Audiard,Toulouse — Théâtre le Fil à Plomb,1
E180,Soirée de Nouvel An : Reine & Prisca De Grimòn,Toulouse — Théâtre le Fil à Plomb,1
E378,TOULOUSE J'ADORE !,Toulouse — La Comédie de Toulouse,1
E379,UN GRAND CRI D'AMOUR — Une pice de Josiane Balasko,Toulouse — La Comédie de Toulouse,1
E380,MARA MORENO,Toulouse — La Comédie de Toulouse,1
E396,Nuit de la pleine lune,Toulouse — Cave Poésie René-Gouzenne,1
E403,DJ Pone - 30 ans de Platines,Toulouse — Le Rex,1
E404,Talisco,Toulouse — Le Rex,1
E405,Primal Fear,Toulouse — Le Rex,1
E407,A6EL,Toulouse — Le Rex,1
E410,READY FOR PROG FESTIVAL,Toulouse — Le Rex,1
E413,Boris,Toulouse — Le Rex,1
E415,Two Lanes,Toulouse — Le Rex,1
E416,Spider Zed,Toulouse — Le Rex,1
E417,7WEEKS & Guest,Toulouse — Le Rex,1
E419,Storm Orchestra,Toulouse — Le Rex,1
E421,The Vintage Caravan,Toulouse — Le Rex,1
E422,Stanislas,Toulouse — Le Rex,1
E423,"ROADRUNNERS ""Never Say Never Again""",Toulouse — Le Rex,1
E424,63OG,Toulouse — Le Rex,1
E425,Spike and the Gimme Gimmes,Toulouse — Le Rex,1
E426,Colours in the Street,Toulouse — Le Rex,1
E428,DINAA,Toulouse — Le Rex,1
E431,JWLES,Toulouse — Le Rex,1
E432,Changeline,Toulouse — Le Rex,1
E435,Seth Gueko,Toulouse — Le Rex,1
E436,Juste Shani,Toulouse — Le Rex,1
E437,Tonique & Man,Toulouse — Le Rex,1
E438,The Black Dahlia Murder,Toulouse — Le Rex,1
E440,Revnoir,Toulouse — Le Rex,1
E441,Eloiz,Toulouse — Le Rex,1
E458,Tarmo Peltokoski / Daniel Lozakovich,Toulouse — Halle aux Grains,1
E459,Pierre-Emmanuel Barré,Toulouse — Halle aux Grains,1
E460,Lio Kuokman / Nelson Goerner,Toulouse — Halle aux Grains,1
E461,Cercle de l’Harmonie,Toulouse — Halle aux Grains,1
E463,Symphonie Africaine – Angélique Kidjo,Toulouse — Halle aux Grains,1
E465,Cocoon,Toulouse — Halle aux Grains,1
E466,Chamber Orchestra of Europe,Toulouse — Halle aux Grains,1
E467,Eva Ollikainen / Beatrice Rana,Toulouse — Halle aux Grains,1
E468,Alexander Soddy / Stefan Dohr,Toulouse — Halle aux Grains,1
E469,Lang Lang,Toulouse — Halle aux Grains,1
E470,Nikolaï Lugansky,Toulouse — Halle aux Grains,1
E471,Concert étudiants,Toulouse — Halle aux Grains,1
E472,Legrand enchanteur avec Nathalie Dessay,Toulouse — Halle aux Grains,1
E473,Jean-François Zygel met en musique le canal du Midi,Toulouse — Halle aux Grains,1
E475,Philippe Jaroussky — Ensemble Artaserse,Toulouse — Halle aux Grains,1
E476,Noël avec Britten,Toulouse — Halle aux Grains,1
E477,Chœur Accentus — Insula Orchestra — Laurence Equilbey,Toulouse — Halle aux Grains,1
E478,Riccardo Minasi / Nobuyuki Tsujii,Toulouse — Halle aux Grains,1
E479,Happy Hour avec le violon,Toulouse — Halle aux Grains,1
E480,Barbara Hannigan / Bertrand Chamayou,Toulouse — Halle aux Grains,1
E516,L'Église à l'Opéra — Concert ouverture Festival Toulouse les Orgues,Blagnac — Odyssud,1
E518,Kady Diarra — Burkina Hakili,Blagnac — Odyssud,1
E525,Legrand Enchanteur — Natalie Dessay,Blagnac — Odyssud,1
E527,Spectrum — Cie Anapnoi,Blagnac — Odyssud,1
E528,TRAXXx — CirkVOST,Blagnac — Odyssud,1
E533,So Slow — Cie des Limbes,Toulouse — La Place de la Danse (CDCN),1
E534,HOW ROMANTIC — Katerina Andreou,Toulouse — La Place de la Danse (CDCN),1
E538,Art contemporain,Toulouse — Centre culturel Bellegarde,1
E541,"Visite conteé ""Ritournelles"" de C.Babiole",Toulouse — Centre culturel Bellegarde,1
E544,Les Lives d'FMR,Toulouse — Centre culturel Bellegarde,1
E545,Paulymorphe,Toulouse — Centre culturel Bellegarde,1
E548,"Visite Art & Littérature ""Ritournelles"" de C. Babiole",Toulouse — Centre culturel Bellegarde,1
E549,"Visite flash ""Ritournelles"" de C.Babiole",Toulouse — Centre culturel Bellegarde,1
E550,"Visite dessinée ""Ritournelles"" de C.Babiole",Toulouse — Centre culturel Bellegarde,1
E552,Murmures avec Thibaut Préciat,Toulouse — Centre culturel Saint-Cyprien,1
E554,Murmures avec Fay Kid,Toulouse — Centre culturel Saint-Cyprien,1
E555,Murmures avec Chloëmoi,Toulouse — Centre culturel Saint-Cyprien,1
E557,Folle de toi,Toulouse — Centre culturel Saint-Cyprien,1
E567,Écoute Opéra - Peter Grimes,Toulouse — Centre culturel Théâtre des Mazades,1
E568,Croquette,Toulouse — Centre culturel Théâtre des Mazades,1
E572,G.R.A.I.N - Histoire de fous,Toulouse — Centre culturel Théâtre des Mazades,1
E573,ArmageTongs,Toulouse — Centre culturel Espace JOB,1
E576,Rising Ape,Toulouse — Centre culturel Espace JOB,1
E580,In Limbo,Toulouse — Centre culturel Espace JOB,1
E581,Ça parle d’amour,Toulouse — Centre culturel Espace JOB,1
E582,Tistou les pouces verts,Toulouse — Centre culturel Espace JOB,1
E583,Surclassées,Toulouse — Centre culturel Espace JOB,1
E590,Patchwork osé & défilé,Toulouse — Centre culturel Henri-Desbals,1
E592,Géraldyne,Toulouse — Centre culturel Henri-Desbals,1
E611,Brimborions,Toulouse — Centre culturel Renan,1
E612,Périt le Soleil,Toulouse — Centre culturel Soupetard,1
E613,Le potager musical,Toulouse — Centre culturel Soupetard,1
E619,Peau de cigale,Toulouse — Centre culturel Alban-Minville,1
E620,Sortie de résidence,Toulouse — Centre culturel Alban-Minville,1
E622,Bipolaire,Toulouse — Centre culturel Alban-Minville,1
E624,PRADETTES ACOUSTIC,Toulouse — Centre culturel Bordeblanche,1
E625,Vas-y frappe si tu peux,Toulouse — Centre culturel Saint-Simon,1
E627,Musique sans frontrières,Toulouse — Centre culturel Saint-Simon,1
E643,"Schooet, des goguettes",Toulouse — Théâtre de Poche,1
E9107,TBM (hard-techno|techno),Toulouse — Le Rex,1
E9108,Cabaret de cirque !,Toulouse — Centre culturel Henri-Desbals,1
E9109,Comment être un lion ?,Toulouse — Centre culturel Henri-Desbals,1
E9120,CONFÉRENCE,Toulouse — ThéâtredelaCité (CDN),1
E9121,RÉPÉTITION OUVERTE,Toulouse — ThéâtredelaCité (CDN),1
E9123,KADI,Toulouse — Cave Poésie René-Gouzenne,1
E9124,morgan poitrot vague,Toulouse — La Comédie de Toulouse,1
E9126,DIMANCHE CARTE BLANCHE : DANKE AL (trance|acid|uk-garage|hardance),Toulouse — Le Rex,1
E9127,Retrogaming,Toulouse — Centre culturel Bordeblanche,1
E9130,1 évènement 12,Ramonville-Saint-Agne — Le Kiwi (ARTO),1
E9131,2 évènements 13,Ramonville-Saint-Agne — Le Kiwi (ARTO),1
E9132,1 évènement 14,Ramonville-Saint-Agne — Le Kiwi (ARTO),1
E9133,1 évènement 15,Ramonville-Saint-Agne — Le Kiwi (ARTO),1
E9156,KADI BOUGANAYA,Toulouse — Cave Poésie René-Gouzenne,1
E9159,alexandre neophytou la crepe de l espace,Toulouse — La Comédie de Toulouse,1
E9161,le roi borgne la vie ou la mort,Toulouse — La Comédie de Toulouse,1
E9162,julie conti nuances,Toulouse — La Comédie de Toulouse,1
E9164,pierre hillairet jour de pluie,Toulouse — La Comédie de Toulouse,1
E9165,cedric salaun deja dix sept heures,Toulouse — La Comédie de Toulouse,1
E9166,"La P'tite Koa w/ Lez4rd vs P3b3, Broken Doll, SCH (tekno)",Toulouse — Le Rex,1
E9167,DIMANCHE CARTE BLANCHE : CONTREBANDE (house|hardgroove|uk-garage),Toulouse — Le Rex,1
E9168,DIMANCHE CARTE BLANCHE : COLLECTIF CADENCE (techno|hardgroove),Toulouse — Le Rex,1
E9169,Vandal X Flexout (),Toulouse — Le Rex,1
E9170,Freeklane (rai|chaabi-algerien),Toulouse — Le Rex,1
E9171,Milio Ruando All Night Long (techno|trance|acid|neorave|hardance|hard-bounce),Toulouse — Le Rex,1
E9172,ML & Guest (metal),Toulouse — Le Rex,1
E9173,Because.(Titre provisoire),Toulouse — Centre culturel Espace JOB,1
E9190,Aube.Zéro,Toulouse — Théâtre du Pavé,1
E9191,OCTOBRE au BUV'ART,Lasserre-Pradère — Café associatif Le Buv'Art,1
E9192,Karaoké,Lasserre-Pradère — Café associatif Le Buv'Art,1
E9194,CONCERT,Lasserre-Pradère — Café associatif Le Buv'Art,1
E9196,Documentaire proposé par les APEROS ENTRE 'ELLES suivi d'un temps de parole,Lasserre-Pradère — Café associatif Le Buv'Art,1
E9197,Serada musicaire·as dançaire·as / Rencontres musicien·nes danseur·ses,Toulouse — COMDT (Centre occitan des musiques et danses traditionnelles),1
E9202,Atelier d’écriture créative et ludique,Toulouse — Café l'Astronef,1
E9203,"Exposition photos : « Bien dans sa peau, bien dans sa photo »",Toulouse — Café l'Astronef,1
E9204,Atelier collage : Les couleurs,Toulouse — Café l'Astronef,1
E9205,Concert d’ouverture de saison : GALIM ATIAS,Toulouse — Café l'Astronef,1
E9206,Lukaraoké !,Toulouse — Café l'Astronef,1
E9208,Anthrope en concert – Blues Rock acoustique à L’Union,L'Union — L'Estanquet de l'Olivier,1
PRIO0020,FÜLÜ,Toulouse — Le Bijou,1
PRIO0026,Super Parquet + Peldrut,Toulouse — Le Metronum,1
PRIO0027,Puppetmastaz,Toulouse — Le Metronum,1
PRIO0028,Goûter-concert #4,Toulouse — Le Metronum,1
PRIO0029,Mîrkut + Le Grand Ensemble Filos,Toulouse — Le Metronum,1
PRIO0030,Blue Jay + Mel,Toulouse — Le Metronum,1
PRIO0031,Bianca Costa,Toulouse — Le Metronum,1
PRIO0032,Mariam,Toulouse — Le Metronum,1
PRIO0033,Julia Bondar + Sethi One,Toulouse — Le Metronum,1
PRIO0034,Demi Portion,Toulouse — Le Metronum,1
PRIO0035,Alea Jacta Est,Toulouse — Le Metronum,1
PRIO0036,Myrath,Toulouse — Le Metronum,1
PRIO0037,Mohand Baha,Toulouse — Le Metronum,1
PRIO0038,Nono La Grinta,Toulouse — Le Metronum,1
PRIO0039,Gérald Toto + Leïla Martial & friends,Toulouse — Le Metronum,1
PRIO0040,« Jubilä » par Leïla Martial,Toulouse — Le Metronum,1
PRIO0041,Goûter-concert #4,Toulouse — Le Metronum,1
PRIO0042,Soirée LaLaLa,Toulouse — Le Metronum,1
PRIO0043,Kamelot + Exit Eden + Temperance,Toulouse — Le Metronum,1
PRIO0044,Kalika,Toulouse — Le Metronum,1
PRIO0045,EMMA,Toulouse — Le Metronum,1
PRIO0046,Ibeyi,Toulouse — Le Metronum,1
PRIO0106,Réouverture Halloween — Forêt Magique,Cornebarrieu — Forêt Magique (Domaine de Pontié),1
T900042,"Ariane Brodier, Bonne",Toulouse — Théâtre Les 3 T,1
T900257,MAHOM ASHKABAD Dub lectro Live (dub),Toulouse — Le Rex,1
T900258,GIRLS ON RAVE (),Toulouse — Le Rex,1
T900588,MUSIQUE DU MONDE,Blagnac — Odyssud,1
T900591,THÉÂTRE D’OBJETS,Blagnac — Odyssud,1
T900596,MUSIQUE DU MONDE,Blagnac — Petit Théâtre Saint-Exupère (Odyssud),1
T900599,THÉÂTRE D’OBJETS,Blagnac — Petit Théâtre Saint-Exupère (Odyssud),1
T900604,MUSIQUE DU MONDE,Blagnac — Guinguette d’Odyssud,1
T900607,THÉÂTRE D’OBJETS,Blagnac — Guinguette d’Odyssud,1
T900622,"propose, en partenariat avec le Théâtre Sorano / Festival Supernova et le NEUFNEUF Festival, une journée de rencontres et d’échanges dédiée à la présentation de projets en cours de production,",Toulouse — Théâtre Sorano,1
T900643,Spectrum,Toulouse — Théâtre Sorano,1
T900652,Bubble,Toulouse — Théâtre Sorano,1
T900660,Sous les paupières,Toulouse — Théâtre Sorano,1
T900662,Le Comédie Club,Toulouse — Théâtre Sorano,1
T900675,Du jeudi 5 au,Toulouse — Théâtre du Grand Rond,1
T900676,Du mercredi 11 au,Toulouse — Théâtre du Grand Rond,1
T900677,Du jeudi 19 au,Toulouse — Théâtre du Grand Rond,1
T900678,Du jeudi 26 au,Toulouse — Théâtre du Grand Rond,1
T900679,Du jeudi 3 au,Toulouse — Théâtre du Grand Rond,1
T900680,Du jeudi 17 au,Toulouse — Théâtre du Grand Rond,1
T900681,Mercredi 23 à 20h &,Toulouse — Théâtre du Grand Rond,1
T900686,Stella et la magie de Yule – Du mercredi 30 septembre au,Toulouse — Théâtre le Fil à Plomb,1
T900687,Les Lancers de Fil : Triplicata – Du jeudi 01 au,Toulouse — Théâtre le Fil à Plomb,1
T900688,Les Lancers de Fil : La solitude se peuple à coups de pioche – Du jeudi 08 au,Toulouse — Théâtre le Fil à Plomb,1
T900689,Les Lancers de Fil : Femme non-rééducable – Du jeudi 15 au,Toulouse — Théâtre le Fil à Plomb,1
T900690,En’corps ! – Du mardi 20 au,Toulouse — Théâtre le Fil à Plomb,1
T900691,Tout-Jeune Public : En’corps ! – Les mercredi 21 et,Toulouse — Théâtre le Fil à Plomb,1
T900692,Les Lancers de Fil : La crotte sur le coeur – Du jeudi 22 au,Toulouse — Théâtre le Fil à Plomb,1
T900693,Une fabuleuse histoire de Ouf – Du mardi 27 au,Toulouse — Théâtre le Fil à Plomb,1
T900694,Les Lancers de Fil : Dernière investiture. – Du jeudi 29 au,Toulouse — Théâtre le Fil à Plomb,1
T900695,L’imprévue – Du mercredi 04 au,Toulouse — Théâtre le Fil à Plomb,1
T900696,Exposition – Photographies par Eric Batbedat – Vernissage,Toulouse — Théâtre le Fil à Plomb,1
T900697,Bleu sombre – Du jeudi 05 au,Toulouse — Théâtre le Fil à Plomb,1
T900698,La semaine du Grand i : Allez raconte ! – Du jeudi 12 au,Toulouse — Théâtre le Fil à Plomb,1
T900699,Ma forêt imaginaire – Du mercredi 18 au,Toulouse — Théâtre le Fil à Plomb,1
T900700,Festival des solidarités : Tenter de ne pas faner – Du jeudi 19 au,Toulouse — Théâtre le Fil à Plomb,1
T900701,"Festival des solidarités : Rangée 12, après les souvenirs – Du jeudi 26 au",Toulouse — Théâtre le Fil à Plomb,1
T900702,The Gingerbread Man – Du mercredi 02 au,Toulouse — Théâtre le Fil à Plomb,1
T900703,"Exposition – Œufs, Œufs, Œufs d’Anna Zviebel – Vernissage",Toulouse — Théâtre le Fil à Plomb,1
T900704,À quoi bon les poètes ? – Du jeudi 03 au,Toulouse — Théâtre le Fil à Plomb,1
T900705,Les Femmes de la mythologie n’ont pas bonne presse – Du jeudi 10 au,Toulouse — Théâtre le Fil à Plomb,1
T900706,Le Fil à Plomb fait son Marché de Noël !,Toulouse — Théâtre le Fil à Plomb,1
T900707,La semaine du Grand i : Romances givrées – Du jeudi 17 au,Toulouse — Théâtre le Fil à Plomb,1
T900708,Prête-moi ton ombre – Du mardi 22 au,Toulouse — Théâtre le Fil à Plomb,1
T900709,Le Bazar à Tatie – Du mardi 29 au,Toulouse — Théâtre le Fil à Plomb,1
T900710,Exposition – Écorces par Christine Le Thomas – Vernissage,Toulouse — Théâtre le Fil à Plomb,1
T900711,La semaine du Grand i : 75 minutes – Du jeudi 07 au,Toulouse — Théâtre le Fil à Plomb,1
T900712,Alice a disparu – Du mercredi 13 au,Toulouse — Théâtre le Fil à Plomb,1
T900713,Iska et le dernier Jardin – Du jeudi 14 au,Toulouse — Théâtre le Fil à Plomb,1
T900714,À plein gaz – Du jeudi 21 au,Toulouse — Théâtre le Fil à Plomb,1
T900715,Kaléidoscope – Du mercredi 27 janvier au,Toulouse — Théâtre le Fil à Plomb,1
T900716,Eclats d’enfance – Du jeudi 28 au,Toulouse — Théâtre le Fil à Plomb,1
TMP0057,"Mélodie Fontaine, Nickel",Toulouse — Théâtre Les 3 T,1
TMP0084,Andrea Givanovitch,Toulouse — Théâtre Garonne,1
TMP0095,Qui som?,Toulouse — ThéâtredelaCité (CDN),1
TMP0098,9 minutes 43,Toulouse — ThéâtredelaCité (CDN),1
TMP0099,Karaoké,Toulouse — ThéâtredelaCité (CDN),1
TMP0101,"1, 2, 3, Poquelin",Toulouse — ThéâtredelaCité (CDN),1
TMP0102,Le Silence,Toulouse — ThéâtredelaCité (CDN),1
TMP0103,Œdipe / Antigone,Toulouse — ThéâtredelaCité (CDN),1
TMP0105,Apéro lecture de la Troupe du TC,Toulouse — ThéâtredelaCité (CDN),1
TMP0106,La Timidité des cimes,Toulouse — ThéâtredelaCité (CDN),1
TMP0107,Thaumazein,Toulouse — ThéâtredelaCité (CDN),1
TMP0108,Calentamiento,Toulouse — ThéâtredelaCité (CDN),1
TMP0109,Une vie d’acteur,Toulouse — ThéâtredelaCité (CDN),1
TMP0110,Le Prix de beauté,Toulouse — ThéâtredelaCité (CDN),1
TMP0112,7 minutes,Toulouse — ThéâtredelaCité (CDN),1
TMP0113,Quand j’étais petite je voterai,Toulouse — ThéâtredelaCité (CDN),1
TMP0114,Goûter,Toulouse — ThéâtredelaCité (CDN),1
TMP0116,Les Petites Filles modernes,Toulouse — ThéâtredelaCité (CDN),1
TMP0117,Traversée,Toulouse — ThéâtredelaCité (CDN),1
TMP0118,"J’attends peu, j’aspire à beaucoup",Toulouse — ThéâtredelaCité (CDN),1
TMP0119,Portrait d’orchestre,Toulouse — ThéâtredelaCité (CDN),1
TMP0120,Côté coulisses en LSF,Toulouse — ThéâtredelaCité (CDN),1
TMP0121,Mon Frère,Toulouse — ThéâtredelaCité (CDN),1
TMP0122,Sans suite,Toulouse — ThéâtredelaCité (CDN),1
TMP0123,Toute une histoire,Toulouse — ThéâtredelaCité (CDN),1
TMP0124,La Fête,Toulouse — ThéâtredelaCité (CDN),1
TMP0125,Quand la neige tombera sur l’océan,Toulouse — ThéâtredelaCité (CDN),1
TMP0126,Honda Romance,Toulouse — ThéâtredelaCité (CDN),1
TMP0127,Monday,Toulouse — ThéâtredelaCité (CDN),1
TMP0128,L’hors-présence,Toulouse — ThéâtredelaCité (CDN),1
TMP0129,La Nuit juste avant les forêts,Toulouse — ThéâtredelaCité (CDN),1
TMP0130,Ivanov,Toulouse — ThéâtredelaCité (CDN),1
TMP0131,Propagang,Toulouse — ThéâtredelaCité (CDN),1
TMP0132,On fera mieux la prochaine fois,Toulouse — ThéâtredelaCité (CDN),1
TMP0133,Fusées,Toulouse — ThéâtredelaCité (CDN),1
TMP0134,Folies furieuses,Toulouse — ThéâtredelaCité (CDN),1
TMP0135,Amours Fugitives,Toulouse — ThéâtredelaCité (CDN),1
TMP0139,COMPLET – TENTATIVE D’ÉPUISEMENT #1,Toulouse — Cave Poésie René-Gouzenne,1
TMP0141,ANNULÉ,Toulouse — Cave Poésie René-Gouzenne,1
TMP0143,QUINTET ROUTE DE LA SOIE,Toulouse — Cave Poésie René-Gouzenne,1
TMP0148,BIENVENUE À LA BOUQALA D’ALGER,Toulouse — Cave Poésie René-Gouzenne,1
TMP0149,SAHARA OCCIDENTAL OU SAHARA MAROCAIN ?,Toulouse — Cave Poésie René-Gouzenne,1
TMP0150,SLAH MOSBAH EN CONCERT,Toulouse — Cave Poésie René-Gouzenne,1
TMP0151,THE SABRY MOSBAH BAND,Toulouse — Cave Poésie René-Gouzenne,1
TMP0152,MOKHTAR CHOUMANE EN SOLO,Toulouse — Cave Poésie René-Gouzenne,1
TMP0153,TRAB TOUR,Toulouse — Cave Poésie René-Gouzenne,1
TMP0156,DINS LOS PASSES DE SERGE PEY,Toulouse — Cave Poésie René-Gouzenne,1
TMP0157,FIL À FIL,Toulouse — Cave Poésie René-Gouzenne,1
TMP0161,"UNE ACTRICE, CONTRAIREMENT À UN ACTEUR, EST UNE FEMME",Toulouse — Cave Poésie René-Gouzenne,1
TMP0162,TRADUIRE L’AMANT EN LSF ?,Toulouse — Cave Poésie René-Gouzenne,1
TMP0164,PRIX LITTÉRAIRE NET,Toulouse — Cave Poésie René-Gouzenne,1
TMP0166,PROCLAMATION DU PRIX ÉCRIRE LA VILLE,Toulouse — Cave Poésie René-Gouzenne,1
TMP0169,LE GRAND BAL DU YUCCA,Toulouse — Cave Poésie René-Gouzenne,1
TMP0174,la troupe de trio d impro impro late show,Toulouse — La Comédie de Toulouse,1
TMP0181,stef mazieres les confidences d un kinka,Toulouse — La Comédie de Toulouse,1
TMP0183,un grand cri d amour une piece de josiane balasko,Toulouse — La Comédie de Toulouse,1
TMP0184,maria moreno,Toulouse — La Comédie de Toulouse,1
TMP0185,benjamin verrecchia plein phare,Toulouse — La Comédie de Toulouse,1
TMP0186,cecile marx iconique,Toulouse — La Comédie de Toulouse,1
TMP0187,marianne content schnecke,Toulouse — La Comédie de Toulouse,1
TMP0188,emma de foucaud a l ancienne,Toulouse — La Comédie de Toulouse,1
TMP0189,thomas croisiere la comedie contre attaque,Toulouse — La Comédie de Toulouse,1
TMP0190,trio d impro special peur bleue,Toulouse — La Comédie de Toulouse,1
TMP0191,karine dubernet carabistouilles,Toulouse — La Comédie de Toulouse,1
TMP0192,clement lefebvre en rodage,Toulouse — La Comédie de Toulouse,1
TMP0193,charlotte boisselier singuliere,Toulouse — La Comédie de Toulouse,1
TMP0195,isabelle bonadei isabelle s accroche,Toulouse — La Comédie de Toulouse,1
TMP0197,anne depetrini a cote,Toulouse — La Comédie de Toulouse,1
TMP0198,arnaud gidoin 55 ans,Toulouse — La Comédie de Toulouse,1
TMP0201,willy rovelli heureux,Toulouse — La Comédie de Toulouse,1
TMP0202,lucie carbone ca va trop vite,Toulouse — La Comédie de Toulouse,1
TMP0203,nadim fraicheur de vivre,Toulouse — La Comédie de Toulouse,1
TMP0206,olivia moore oui je sais,Toulouse — La Comédie de Toulouse,1
TMP0209,greg petras nouveau spectacle,Toulouse — La Comédie de Toulouse,1
TMP0210,benedicte bousquet bienveillante,Toulouse — La Comédie de Toulouse,1
TMP0211,urbain en rodage,Toulouse — La Comédie de Toulouse,1
TMP0212,william pilet normal n existe pas,Toulouse — La Comédie de Toulouse,1
TMP0213,les normales se font des films,Toulouse — La Comédie de Toulouse,1
TMP0214,celia pelluet les particules hesitent aussi,Toulouse — La Comédie de Toulouse,1
TMP0215,roman doduik premiere dame,Toulouse — La Comédie de Toulouse,1
TMP0216,olympe premier spectacle,Toulouse — La Comédie de Toulouse,1
TMP0218,david azria paye pour voir,Toulouse — La Comédie de Toulouse,1
TMP0221,leandre,Toulouse — La Comédie de Toulouse,1
TMP0223,bernard mabille se devoile,Toulouse — La Comédie de Toulouse,1
TMP0224,patrick piard genant,Toulouse — La Comédie de Toulouse,1
TMP0227,la therapie de l amour,Toulouse — La Comédie de Toulouse,1
TMP0228,festival burlesque de toulouse 2027,Toulouse — La Comédie de Toulouse,1
TMP0229,camille fievez,Toulouse — La Comédie de Toulouse,1
TMP0232,guigui pop full contact,Toulouse — La Comédie de Toulouse,1
TMP0233,antoine magyar auto romance,Toulouse — La Comédie de Toulouse,1
TMP0234,cedric salaun,Toulouse — La Comédie de Toulouse,1
TMP0235,antek fripon,Toulouse — La Comédie de Toulouse,1
TMP0248,DJ Pone - 30 ans de Platines (hip-hop|rap),Toulouse — Le Rex,1
TMP0249,Talisco (folk|pop),Toulouse — Le Rex,1
TMP0250,"PLEIN PHARE inv. H! DUDE, BLAZE & MARCEL DK (electro|hardcore|indie)",Toulouse — Le Rex,1
TMP0251,Primal Fear (metal),Toulouse — Le Rex,1
TMP0252,HYPNO5E & HIPPOTRAKTOR (metal|post-metal),Toulouse — Le Rex,1
TMP0253,A6EL (hip-hop|rap),Toulouse — Le Rex,1
TMP0254,Monolord & Dopelord (doom|metal|stoner),Toulouse — Le Rex,1
TMP0255,Hllas + Earth Tongue (),Toulouse — Le Rex,1
TMP0256,READY FOR PROG FESTIVAL (metal),Toulouse — Le Rex,1
TMP0257,Cybersynth 2026 : Vector Seven + Neon Paradise + DJ set Neon Kult (dark-electro|synthwave|darksynth),Toulouse — Le Rex,1
TMP0258,Mispyrming & Owls Woods Graves & Profanation & Gorrch (black-metal|experimental),Toulouse — Le Rex,1
TMP0259,Boris (experimental),Toulouse — Le Rex,1
TMP0260,Calva Louise & Imparfait (metal|punk),Toulouse — Le Rex,1
TMP0261,Two Lanes (electro),Toulouse — Le Rex,1
TMP0262,Spider Zed (rap),Toulouse — Le Rex,1
TMP0263,7WEEKS & Guest (rock|stoner),Toulouse — Le Rex,1
TMP0264,The Browning & Within Destruction & Abbie Falls (metal),Toulouse — Le Rex,1
TMP0265,Storm Orchestra (rock),Toulouse — Le Rex,1
TMP0266,Master Boot Record & Fulci & Arottenbit (metal),Toulouse — Le Rex,1
TMP0267,The Vintage Caravan (rock-psychedelique|stoner|hard-rock),Toulouse — Le Rex,1
TMP0268,Stanislas (pop|rap),Toulouse — Le Rex,1
TMP0269,"ROADRUNNERS ""Never Say Never Again"" (rock)",Toulouse — Le Rex,1
TMP0270,63OG (hip-hop|rap),Toulouse — Le Rex,1
TMP0271,Spike and the Gimme Gimmes (punk|rock),Toulouse — Le Rex,1
TMP0272,Colours in the Street (pop-rock),Toulouse — Le Rex,1
TMP0273,Imperial Triumphant & Knoll (black-metal|experimental),Toulouse — Le Rex,1
TMP0274,DINAA (pop-rock|psytrance|soul),Toulouse — Le Rex,1
TMP0275,Juste Shani (rap),Toulouse — Le Rex,1
TMP0276,Tonique & Man (disco),Toulouse — Le Rex,1
TMP0282,Felhur x Andro (hip-hop|rap),Toulouse — Le Rex,1
TMP0285,HUNE,Toulouse — Centre culturel Théâtre des Mazades,1
TMP0290,Customise ta basket,Toulouse — Centre culturel Renan,1
TMP0291,A la découverte des dieux aztèques,Toulouse — Centre culturel Renan,1
TMP0292,A la manière de...L'école de Pont Aven,Toulouse — Centre culturel Renan,1
TMP0295,Ateliers façonner des paysages,Toulouse — Centre culturel Alban-Minville,1
TMP0300,Britney Sans Filtre,Toulouse — Centre culturel Renan,1
TMP0303,ready player one,Toulouse — Centre culturel Bordeblanche,1
TMP0304,Cabaret de cirque !,Toulouse — Centre culturel Alban-Minville,1
TMP0306,Le petit Lac,Toulouse — Centre culturel Renan,1
TMP0307,Nos Jardins,Toulouse — Centre culturel Théâtre des Mazades,1
TMP0308,Peau de Cigale,Toulouse — Centre culturel Espace JOB,1
TMP0309,Le Lido fait son cirque,Toulouse — Centre culturel Théâtre des Mazades,1
TMP0314,Architectures en transitions,Toulouse — Centre culturel Bellegarde,1
TMP0317,Joséphine Baker,Toulouse — Centre culturel Bonnefoy,1
TMP0319,Regard sur les artistes femmes,Toulouse — Centre culturel Renan,1
TMP0320,Du cerveau naturel à l'intelligence artificielle !,Toulouse — Centre culturel Espace JOB,1
TMP0321,Écoute Opéra - Le Barbier de Séville,Toulouse — Centre culturel Théâtre des Mazades,1
TMP0322,Le sens du mouvement,Toulouse — Centre culturel Espace JOB,1
TMP0323,Écoute Opéra - Medea,Toulouse — Centre culturel Théâtre des Mazades,1
TMP0330,Comment se fondre dans l'ombre,Toulouse — Centre culturel Espace JOB,1
TMP0331,Because,Toulouse — Centre culturel Espace JOB,1
TMP0332,Il y a eu un rêve,Toulouse — Centre culturel Théâtre des Mazades,1
TMP0334,RESTER SAUVAGE,Toulouse — Centre culturel Théâtre des Mazades,1
TMP0336,Tentative d'épuisement,Toulouse — Centre culturel Espace JOB,1
TMP0341,Mes nouvelles chaussures,Toulouse — Centre culturel Bonnefoy,1
TMP0344,Et si on rejouait l'histoire?,Toulouse — Centre culturel Reynerie,1
TMP0347,Zazagrana,Toulouse — Centre culturel Soupetard,1
TMP0348,Visite surprise,Toulouse — Centre culturel Soupetard,1
TMP0350,Kiboko,Toulouse — Centre culturel Théâtre des Mazades,1
TMP0351,Prenez Garde,Toulouse — Centre culturel Bellegarde,1
TMP0371,La fragilité des mondes,Toulouse — Centre culturel Espace JOB,1
TMP0372,Karaoké Project,Toulouse — Centre culturel Théâtre des Mazades,1
TMP0373,Chorale le 7 de coeur,Toulouse — Centre culturel Espace JOB,1
TMP0374,Mozart ? Flûte alors !,Toulouse — Centre culturel Espace JOB,1
TMP0382,Le Paquet,Toulouse — Centre culturel Théâtre des Mazades,1
TMP0383,L'affaire Pompilla,Toulouse — Centre culturel Espace JOB,1
TMP0384,Poup et Barbichette,Toulouse — Centre culturel Espace JOB,1
TMP0387,Akousmaflore - Visite Flash,Toulouse — Centre culturel Soupetard,1
TMP0391,REST/E,Toulouse — Centre culturel Théâtre des Mazades,1
TMP0392,Je Gère,Toulouse — Centre culturel Renan,1
TMP0396,"Je suis un homme, je suis inapte",Toulouse — Centre culturel Henri-Desbals,1
TMP0400,Les iréels,Toulouse — Centre culturel Soupetard,1
TMP0402,Je suis invisible,Toulouse — Centre culturel Renan,1
TMP0449,Rusalka,Toulouse — Théâtre du Capitole,1
TMP0450,Joseph Calleja,Toulouse — Théâtre du Capitole,1
TMP0451,King Arthur,Toulouse — Théâtre du Capitole,1
TMP0452,Sandrine Piau & David Kadouch,Toulouse — Théâtre du Capitole,1
TMP0453,Asmik Grigorian – Grandes héroïnes d’opéra,Toulouse — Théâtre du Capitole,1
TMP0454,Stabat Mater,Toulouse — Théâtre du Capitole,1
TMP0455,Nadine Sierra chante Mozart & Donizetti,Toulouse — Théâtre du Capitole,1
TMP0473,Apéro-musical – Les trois vieilles charrues,Toulouse — Théâtre le Fil à Plomb,1
TMP0479,1 évènement 7,Ramonville-Saint-Agne — Le Kiwi (ARTO),1
TMP0480,2 évènements 8,Ramonville-Saint-Agne — Le Kiwi (ARTO),1
TMP0481,1 évènement 9,Ramonville-Saint-Agne — Le Kiwi (ARTO),1
TMP0482,1 évènement 10,Ramonville-Saint-Agne — Le Kiwi (ARTO),1
TMP0483,Apéro-musical – Matin brun,Toulouse — Théâtre le Fil à Plomb,1
TMP0488,Les infos pratiques,Toulouse — Théâtre de Poche,1
TMP0490,1 évènement 28,Ramonville-Saint-Agne — Le Kiwi (ARTO),1
TMP0492,1 évènement 29,Ramonville-Saint-Agne — Le Kiwi (ARTO),1
TMP0493,1 évènement 30,Ramonville-Saint-Agne — Le Kiwi (ARTO),1
TMP0511,CORNÉLIUS,Ramonville-Saint-Agne — Le Kiwi (ARTO),1
TMP0512,SECRETS,Ramonville-Saint-Agne — Le Kiwi (ARTO),1
TMP0513,AU RYTHME DES VAGUES,Ramonville-Saint-Agne — Le Kiwi (ARTO),1
TMP0514,COMME JOHN // RING OF CASH,Ramonville-Saint-Agne — Le Kiwi (ARTO),1
TMP0515,#FUTAL2026,Ramonville-Saint-Agne — Le Kiwi (ARTO),1
TMP0516,HISTOIRE DU UKULÉLÉ avec Ukulelezaza,Ramonville-Saint-Agne — Le Kiwi (ARTO),1
TMP0517,SAGE & ZAZA,Ramonville-Saint-Agne — Le Kiwi (ARTO),1
TMP0518,DÉAMBULATION MORTELLE,Ramonville-Saint-Agne — Le Kiwi (ARTO),1
TMP0519,FRAMBOYÁN,Ramonville-Saint-Agne — Le Kiwi (ARTO),1
TMP0520,À la poursuite du Roi Plumes,Ramonville-Saint-Agne — Le Kiwi (ARTO),1
TMP0573,Café lecture,Lasserre-Pradère — Café associatif Le Buv'Art,1
TMP0637,octobre à 19h et,Toulouse — Théâtre du Grand Rond,1
TMP0638,octobre à 21h et,Toulouse — Théâtre du Grand Rond,1
TMP0639,Du jeudi 8 au,Toulouse — Théâtre du Grand Rond,1
TMP0640,Du jeudi 15 au,Toulouse — Théâtre du Grand Rond,1
TMP0641,Du mercredi 28 au,Toulouse — Théâtre du Grand Rond,1
TMP0643,"Estanquet Rock #3 – Cold Blossom, HOLYFISH & Kartage",L'Union — L'Estanquet de l'Olivier,1
TMP0645,Friperie solidaire avec Frip’on !,Toulouse — Café l'Astronef,1
TMP0649,Soirée jeux de société,Lasserre-Pradère — Café associatif Le Buv'Art,1
TMP0650,Son de Tolosa – Live Record,Toulouse — Café l'Astronef,1
TMP0651,Atelier œnologie,Toulouse — Café l'Astronef,1
TMP0652,Réparation vélo avec Vélo Bonjour,Toulouse — Café l'Astronef,1
TMP0653,Sganarelle ou le Cocu imaginaire / l’Amour médecin,Toulouse — Théâtre du Pavé,1
TMP0657,La Cérémonie (rituels et célébrations collectives en attendant minuit),Toulouse — Théâtre du Pavé,1
TMP0673,Danses du Haut-Agenais,Toulouse — COMDT (Centre occitan des musiques et danses traditionnelles),1
TMP0675,Branles de la Vallée d’Ossau,Toulouse — COMDT (Centre occitan des musiques et danses traditionnelles),1
TMP0676,Stage de boha,Toulouse — COMDT (Centre occitan des musiques et danses traditionnelles),1
TMP0677,Stage de vielle à roue,Toulouse — COMDT (Centre occitan des musiques et danses traditionnelles),1
TMP0679,Stage de musique du Proche-Orient,Toulouse — COMDT (Centre occitan des musiques et danses traditionnelles),1
TMP0685,[Espace Roguet] Vortex – Compagnie Trente Printemps | NEUFNEUF Festival,Toulouse — Espace Roguet,1
TMP0686,[Espace Roguet] Eclosion – Compagnie Contre ta peau / Féminin Singulier | Nuit du cirque,Toulouse — Espace Roguet,1
TMP0687,[Espace Roguet] POEM OF A RIVER – Compagnie La vie est belle | Festival Supernova #11,Toulouse — Espace Roguet,1
TMP0688,[Espace Roguet] Hyper Duras – CLAK Compagnie,Toulouse — Espace Roguet,1
TMP0698,PARADE,Ramonville-Saint-Agne — Le Kiwi (ARTO),1
TMP0742,JEUX DE SOCIÉTÉ,Ramonville-Saint-Agne — Le Kiwi (ARTO),1
TMP0766,The Light Between,Colomiers — The Place to Beer,1
TMP0767,Les Raymonds,Colomiers — The Place to Beer,1
TMP0769,LES 6 ANS DU BOTA PUB 🎉 - JOUR 1,Toulouse — Bota Pub,1
TMP0770,LES 6 ANS DU BOTA PUB 🎉 - JOUR 2,Toulouse — Bota Pub,1
TMP0771,LES 6 ANS DU BOTA PUB 🎉 - JOUR 3,Toulouse — Bota Pub,1
